objectid,parentid,title,creator,date,estimatedate,description,object_transcript,subject,location,latitude,longitude,source,identifier,type,format,language,rights,rightsstatement,display_template,object_location,image_small,image_thumb,image_alt_text
roma_01,,Cover,Romualdo Moscioni,,Post 1889,,,,,,,"Point Ellice House Museum and Archives, Victoria, BC",PEH1975.001.6740,Image;StillImage,image/jpg,eng,,,compound_object,https://tdjacklin.ca/wp-content/uploads/CollectionBuilder/roma_01.jpg,https://tdjacklin.ca/wp-content/uploads/CollectionBuilder/small/roma_01_sm.jpg,https://tdjacklin.ca/wp-content/uploads/CollectionBuilder/thumbs/roma_01_th.jpg,
roma_02,roma_01,Inner Cover,Romualdo Moscioni,,Post 1889,,,,,,,"Point Ellice House Museum and Archives, Victoria, BC",,Image;StillImage,image/jpg,eng,,,image,https://tdjacklin.ca/wp-content/uploads/CollectionBuilder/roma_02.jpg,https://tdjacklin.ca/wp-content/uploads/CollectionBuilder/small/roma_02_sm.jpg,https://tdjacklin.ca/wp-content/uploads/CollectionBuilder/thumbs/roma_02_th.jpg,
roma_03,roma_01,Page 1 of Roma Photo Album,Romualdo Moscioni,,Post 1889,,"901. S. Pietro Basilica, Palazzo Vaticano Roma","St. Peter's Basilica; Building, Exterior",Vatican City,41.90226833,12.45393703,"Point Ellice House Museum and Archives, Victoria, BC",,Image;StillImage,image/jpg,eng; ita,,,image,https://tdjacklin.ca/wp-content/uploads/CollectionBuilder/roma_03.jpg,https://tdjacklin.ca/wp-content/uploads/CollectionBuilder/small/roma_03_sm.jpg,https://tdjacklin.ca/wp-content/uploads/CollectionBuilder/thumbs/roma_03_th.jpg,
roma_04,roma_01,Page 2 of Roma Photo Album,Romualdo Moscioni,,Post 1889,,906. Interno della Basilica Vaticano Roma,"Building, Interior; St. Peter's Basilica",Vatican City,41.90226833,12.45393703,"Point Ellice House Museum and Archives, Victoria, BC",,Image;StillImage,image/jpg,eng; ita,,,image,https://tdjacklin.ca/wp-content/uploads/CollectionBuilder/roma_04.jpg,https://tdjacklin.ca/wp-content/uploads/CollectionBuilder/small/roma_04_sm.jpg,https://tdjacklin.ca/wp-content/uploads/CollectionBuilder/thumbs/roma_04_th.jpg,
roma_05,roma_01,Page 3 of Roma Photo Album,Romualdo Moscioni,,Post 1889,,909. Facciata di S. Paolo estramuras - Roma,"St. Paul's Outside the Walls; Building, Exterior",Vatican City,41.85883362,12.47699264,"Point Ellice House Museum and Archives, Victoria, BC",,Image;StillImage,image/jpg,eng; ita,,,image,https://tdjacklin.ca/wp-content/uploads/CollectionBuilder/roma_05.jpg,https://tdjacklin.ca/wp-content/uploads/CollectionBuilder/small/roma_05_sm.jpg,https://tdjacklin.ca/wp-content/uploads/CollectionBuilder/thumbs/roma_05_th.jpg,
roma_06,roma_01,Page 4 of Roma Photo Album,Romualdo Moscioni,,Post 1889,,Unreadable [Archbasilica of Saint John Lateran],"Archbasilica of Saint John Lateran; Building, Exterior","Rome, Italy",41.88601686,12.50596267,"Point Ellice House Museum and Archives, Victoria, BC",,Image;StillImage,image/jpg,eng,,,image,https://tdjacklin.ca/wp-content/uploads/CollectionBuilder/roma_06.jpg,https://tdjacklin.ca/wp-content/uploads/CollectionBuilder/small/roma_06_sm.jpg,https://tdjacklin.ca/wp-content/uploads/CollectionBuilder/thumbs/roma_06_th.jpg,
roma_07,roma_01,Page 5 of Roma Photo Album,Romualdo Moscioni,,Post 1889,,Facciata di S. Maria Maggiore Roma,"Basilica Santa Maria Maggiore; Building, Exterior","Rome, Italy",41.89773641,12.49864301,"Point Ellice House Museum and Archives, Victoria, BC",,Image;StillImage,image/jpg,eng; ita,,,image,https://tdjacklin.ca/wp-content/uploads/CollectionBuilder/roma_07.jpg,https://tdjacklin.ca/wp-content/uploads/CollectionBuilder/small/roma_07_sm.jpg,https://tdjacklin.ca/wp-content/uploads/CollectionBuilder/thumbs/roma_07_th.jpg,
roma_8,roma_01,Page 6 of Roma Photo Album,Romualdo Moscioni,,Post 1889,,926 Mausleo di Adriano (Castel S. Angelo) Roma,"Mausoleum of Hadrian; Castel Sant'Angelo; Building, Exterior","Rome, Italy",41.9032067,12.46679917,"Point Ellice House Museum and Archives, Victoria, BC",,Image;StillImage,image/jpg,eng; ita,,,image,https://tdjacklin.ca/wp-content/uploads/CollectionBuilder/roma_8.jpg,https://tdjacklin.ca/wp-content/uploads/CollectionBuilder/small/roma_8_sm.jpg,https://tdjacklin.ca/wp-content/uploads/CollectionBuilder/thumbs/roma_8_th.jpg,
roma_09,roma_01,Page 7 of Roma Photo Album,Romualdo Moscioni,,Post 1889,,Unreadable,Trevi Fountain,"Rome, Italy",41.90099022,12.48329152,"Point Ellice House Museum and Archives, Victoria, BC",,Image;StillImage,image/jpg,eng,,,image,https://tdjacklin.ca/wp-content/uploads/CollectionBuilder/roma_09.jpg,https://tdjacklin.ca/wp-content/uploads/CollectionBuilder/small/roma_09_sm.jpg,https://tdjacklin.ca/wp-content/uploads/CollectionBuilder/thumbs/roma_09_th.jpg,
roma_10,roma_01,Page 8 of Roma Photo Album,Romualdo Moscioni,,Post 1889,,"Palazzo Del Quirinal, Roma","Scenery, City; Quirinal Palace; Obelisk","Rome, Italy",41.89912823,12.48675989,"Point Ellice House Museum and Archives, Victoria, BC",,Image;StillImage,image/jpg,eng; ita,,,image,https://tdjacklin.ca/wp-content/uploads/CollectionBuilder/roma_10.jpg,https://tdjacklin.ca/wp-content/uploads/CollectionBuilder/small/roma_10_sm.jpg,https://tdjacklin.ca/wp-content/uploads/CollectionBuilder/thumbs/roma_10_th.jpg,
roma_11,roma_01,Page 9 of Roma Photo Album,Romualdo Moscioni,,Post 1889,,986. Piazza Navone Roma,"Scenery, City; Piazza Navone","Rome, Italy",41.89985007,12.47328878,"Point Ellice House Museum and Archives, Victoria, BC",,Image;StillImage,image/jpg,eng; ita,,,image,https://tdjacklin.ca/wp-content/uploads/CollectionBuilder/roma_11.jpg,https://tdjacklin.ca/wp-content/uploads/CollectionBuilder/small/roma_11_sm.jpg,https://tdjacklin.ca/wp-content/uploads/CollectionBuilder/thumbs/roma_11_th.jpg,
roma_12,roma_01,Page 10 of Roma Photo Album,Romualdo Moscioni,,Post 1889,,925 Pantheon D'Agrippa Roma,"Pantheon; Building, Exterior","Rome, Italy",41.89873056,12.47707674,"Point Ellice House Museum and Archives, Victoria, BC",,Image;StillImage,image/jpg,eng; ita,,,image,https://tdjacklin.ca/wp-content/uploads/CollectionBuilder/roma_12.jpg,https://tdjacklin.ca/wp-content/uploads/CollectionBuilder/small/roma_12_sm.jpg,https://tdjacklin.ca/wp-content/uploads/CollectionBuilder/thumbs/roma_12_th.jpg,
roma_13,roma_01,Page 11 of Roma Photo Album,Romualdo Moscioni,,Post 1889,,949 Foro Traiano - Roma,Trajan's Forum,"Rome, Italy",41.89498216,12.48558102,"Point Ellice House Museum and Archives, Victoria, BC",,Image;StillImage,image/jpg,eng; ita,,,image,https://tdjacklin.ca/wp-content/uploads/CollectionBuilder/roma_13.jpg,https://tdjacklin.ca/wp-content/uploads/CollectionBuilder/small/roma_13_sm.jpg,https://tdjacklin.ca/wp-content/uploads/CollectionBuilder/thumbs/roma_13_th.jpg,
roma_14,roma_01,Page 12 of Roma Photo Album,Romualdo Moscioni,,Post 1889,,Unreadable [Capitoline Hill cordonata],Capitoline Hill Concordata,"Rome, Italy",41.89361543,12.48253052,"Point Ellice House Museum and Archives, Victoria, BC",,Image;StillImage,image/jpg,eng,,,image,https://tdjacklin.ca/wp-content/uploads/CollectionBuilder/roma_14.jpg,https://tdjacklin.ca/wp-content/uploads/CollectionBuilder/small/roma_14_sm.jpg,https://tdjacklin.ca/wp-content/uploads/CollectionBuilder/thumbs/roma_14_th.jpg,
roma_15,roma_01,Page 13 of Roma Photo Album,Romualdo Moscioni,,Post 1889,,Forum Romano - Roma,Roman Forum,"Rome, Italy",41.89222616,12.48652279,"Point Ellice House Museum and Archives, Victoria, BC",,Image;StillImage,image/jpg,eng; ita,,,image,https://tdjacklin.ca/wp-content/uploads/CollectionBuilder/roma_15.jpg,https://tdjacklin.ca/wp-content/uploads/CollectionBuilder/small/roma_15_sm.jpg,https://tdjacklin.ca/wp-content/uploads/CollectionBuilder/thumbs/roma_15_th.jpg,
roma_16,roma_01,Page 14 of Roma Photo Album,Romualdo Moscioni,,Post 1889,,Arco Di Costantino - Roma,Arch of Constantine,"Rome, Italy",41.88986711,12.49079308,"Point Ellice House Museum and Archives, Victoria, BC",,Image;StillImage,image/jpg,eng; ita,,,image,https://tdjacklin.ca/wp-content/uploads/CollectionBuilder/roma_16.jpg,https://tdjacklin.ca/wp-content/uploads/CollectionBuilder/small/roma_16_sm.jpg,https://tdjacklin.ca/wp-content/uploads/CollectionBuilder/thumbs/roma_16_th.jpg,
roma_17,roma_01,Page 15 of Roma Photo Album,Romualdo Moscioni,,Post 1889,,966 - Colosseo o Anfiteatro Flavio - Roma,"Colosseum; Building, Exterior","Rome, Italy",41.89025447,12.49221577,"Point Ellice House Museum and Archives, Victoria, BC",,Image;StillImage,image/jpg,eng; ita,,,image,https://tdjacklin.ca/wp-content/uploads/CollectionBuilder/roma_17.jpg,https://tdjacklin.ca/wp-content/uploads/CollectionBuilder/small/roma_17_sm.jpg,https://tdjacklin.ca/wp-content/uploads/CollectionBuilder/thumbs/roma_17_th.jpg,
roma_18,roma_01,Page 16 of Roma Photo Album,Romualdo Moscioni,,Post 1889,,976 Temple di Vesta - Roma,"Temple of Hercules Victor; Building, Exterior","Rome, Italy",41.88880629,12.48082932,"Point Ellice House Museum and Archives, Victoria, BC",,Image;StillImage,image/jpg,eng; ita,,,image,https://tdjacklin.ca/wp-content/uploads/CollectionBuilder/roma_18.jpg,https://tdjacklin.ca/wp-content/uploads/CollectionBuilder/small/roma_18_sm.jpg,https://tdjacklin.ca/wp-content/uploads/CollectionBuilder/thumbs/roma_18_th.jpg,
roma_19,roma_01,Page 17 of Roma Photo Album,Romualdo Moscioni,,Post 1889,,1001 Piramide e Porta S Paolo Roma,Porta San Paolo; Pyramid of Cestius,"Rome, Italy",41.8767035,12.48100154,"Point Ellice House Museum and Archives, Victoria, BC",,Image;StillImage,image/jpg,eng; ita,,,image,https://tdjacklin.ca/wp-content/uploads/CollectionBuilder/roma_19.jpg,https://tdjacklin.ca/wp-content/uploads/CollectionBuilder/small/roma_19_sm.jpg,https://tdjacklin.ca/wp-content/uploads/CollectionBuilder/thumbs/roma_19_th.jpg,
purple_01,,Cover of Purple Album,,,,,,,,,,"Point Ellice House Museum and Archives, Victoria, BC",,Image;StillImage,image/jpg,,,,compound_object,https://tdjacklin.ca/wp-content/uploads/CollectionBuilder/purple_01.jpg,https://tdjacklin.ca/wp-content/uploads/CollectionBuilder/small/purple_01_sm.jpg,https://tdjacklin.ca/wp-content/uploads/CollectionBuilder/thumbs/purple_01_th.jpg,
purple_02,purple_01,Page 1 of Purple Album,,,1885-1908,RMS Etruria,,,,,,"Point Ellice House Museum and Archives, Victoria, BC",,Image;StillImage,image/jpg,,,,image,https://tdjacklin.ca/wp-content/uploads/CollectionBuilder/purple_02.jpg,https://tdjacklin.ca/wp-content/uploads/CollectionBuilder/small/purple_02_sm.jpg,https://tdjacklin.ca/wp-content/uploads/CollectionBuilder/thumbs/purple_02_th.jpg,
purple_03,purple_01,Page 2 of Purple Album,G. Sommer,,1860-1916,,1104 Napoli ,"Scenery, City; Santa Lucia","Naples, Italy",40.83176012,14.25122844,"Point Ellice House Museum and Archives, Victoria, BC",,Image;StillImage,image/jpg,eng; ita,,,image,https://tdjacklin.ca/wp-content/uploads/CollectionBuilder/purple_03.jpg,https://tdjacklin.ca/wp-content/uploads/CollectionBuilder/small/purple_03_sm.jpg,https://tdjacklin.ca/wp-content/uploads/CollectionBuilder/thumbs/purple_03_th.jpg,
purple_04,purple_01,Page 3 of Purple Album,G. Sommer,,1860-1916,,No 6136 Napoli Colonna Vitloria,"Scenery, City; Monument; Piazza dei Martiri","Naples, Italy",40.83421281,14.24193707,"Point Ellice House Museum and Archives, Victoria, BC",,Image;StillImage,image/jpg,eng; ita,,,image,https://tdjacklin.ca/wp-content/uploads/CollectionBuilder/purple_04.jpg,https://tdjacklin.ca/wp-content/uploads/CollectionBuilder/small/purple_04_sm.jpg,https://tdjacklin.ca/wp-content/uploads/CollectionBuilder/thumbs/purple_04_th.jpg,
purple_05,purple_01,Page 4 of Purple Album,G. Sommer,,1860-1916,,1133 Napoli Riviera di Chiaja,"Scenery, City; Riviera di Chiaia","Naples, Italy",40.83399443,14.23326081,"Point Ellice House Museum and Archives, Victoria, BC",,Image;StillImage,image/jpg,eng; ita,,,image,https://tdjacklin.ca/wp-content/uploads/CollectionBuilder/purple_05.jpg,https://tdjacklin.ca/wp-content/uploads/CollectionBuilder/small/purple_05_sm.jpg,https://tdjacklin.ca/wp-content/uploads/CollectionBuilder/thumbs/purple_05_th.jpg,
purple_06,purple_01,Page 5 of Purple Album,G. Sommer,,1860-1916,,1126 Posilipo,"Scenery, City; Palazzo Donn'Anna; Building, Exterior","Naples, Italy",40.82020423,14.2148683,"Point Ellice House Museum and Archives, Victoria, BC",,Image;StillImage,image/jpg,eng; ita,,,image,https://tdjacklin.ca/wp-content/uploads/CollectionBuilder/purple_06.jpg,https://tdjacklin.ca/wp-content/uploads/CollectionBuilder/small/purple_06_sm.jpg,https://tdjacklin.ca/wp-content/uploads/CollectionBuilder/thumbs/purple_06_th.jpg,
purple_07,purple_01,Page 6 of Purple Album,G. Sommer,,1860-1916,,No 1297. (Pompei) Strada di Stabbia,"Via Stabiana; Scenery, City","Pompeii, Italy",40.7501539,14.48799194,"Point Ellice House Museum and Archives, Victoria, BC",,Image;StillImage,image/jpg,eng; ita,,,image,https://tdjacklin.ca/wp-content/uploads/CollectionBuilder/purple_07.jpg,https://tdjacklin.ca/wp-content/uploads/CollectionBuilder/small/purple_07_sm.jpg,https://tdjacklin.ca/wp-content/uploads/CollectionBuilder/thumbs/purple_07_th.jpg,
purple_08,purple_01,Page 7 of Purple Album,G. Sommer,,1860-1916,,1223 Pompei Casa di Sallustio,House of Sallust,"Pompeii, Italy",40.75132367,14.48291906,"Point Ellice House Museum and Archives, Victoria, BC",,Image;StillImage,image/jpg,eng; ita,,,image,https://tdjacklin.ca/wp-content/uploads/CollectionBuilder/purple_08.jpg,https://tdjacklin.ca/wp-content/uploads/CollectionBuilder/small/purple_08_sm.jpg,https://tdjacklin.ca/wp-content/uploads/CollectionBuilder/thumbs/purple_08_th.jpg,
purple_09,purple_01,Page 8 of Purple Album,G. Sommer,,1860-1916,,No 1237 Casa Di Cornelio Ruffo Pompei,House of Cornelius Ruffius,"Pompeii, Italy",40.74979661,14.48802476,"Point Ellice House Museum and Archives, Victoria, BC",,Image;StillImage,image/jpg,eng; ita,,,image,https://tdjacklin.ca/wp-content/uploads/CollectionBuilder/purple_09.jpg,https://tdjacklin.ca/wp-content/uploads/CollectionBuilder/small/purple_09_sm.jpg,https://tdjacklin.ca/wp-content/uploads/CollectionBuilder/thumbs/purple_09_th.jpg,
purple_10,purple_01,Page 9 of Purple Album,G. Sommer,,1860-1916,,1247 Pompei Quartiere dei soldati Teatro,,"Pompeii, Italy",40.74848037,14.48920833,"Point Ellice House Museum and Archives, Victoria, BC",,Image;StillImage,image/jpg,eng; ita,,,image,https://tdjacklin.ca/wp-content/uploads/CollectionBuilder/purple_10.jpg,https://tdjacklin.ca/wp-content/uploads/CollectionBuilder/small/purple_10_sm.jpg,https://tdjacklin.ca/wp-content/uploads/CollectionBuilder/thumbs/purple_10_th.jpg,
purple_11,purple_01,Page 10 of Purple Album,G. Sommer,,1860-1916,,No 1270 Pompei Scavi Nuovi,,"Pompeii, Italy",,,"Point Ellice House Museum and Archives, Victoria, BC",,Image;StillImage,image/jpg,eng; ita,,,image,https://tdjacklin.ca/wp-content/uploads/CollectionBuilder/purple_11.jpg,https://tdjacklin.ca/wp-content/uploads/CollectionBuilder/small/purple_11_sm.jpg,https://tdjacklin.ca/wp-content/uploads/CollectionBuilder/thumbs/purple_11_th.jpg,
purple_12,purple_01,Page 11 of Purple Album,G. Sommer,,1860-1916,,No 1216 (Pompei) Tempio d'Jside,"Temple of Isis (Pompeii); Building, Exterior","Pompeii, Italy",40.74930751,14.48835135,"Point Ellice House Museum and Archives, Victoria, BC",,Image;StillImage,image/jpg,eng; ita,,,image,https://tdjacklin.ca/wp-content/uploads/CollectionBuilder/purple_12.jpg,https://tdjacklin.ca/wp-content/uploads/CollectionBuilder/small/purple_12_sm.jpg,https://tdjacklin.ca/wp-content/uploads/CollectionBuilder/thumbs/purple_12_th.jpg,
purple_13,purple_01,Page 12 of Purple Album,G. Sommer,,1860-1916,,"
",,"Pompeii, Italy",,,"Point Ellice House Museum and Archives, Victoria, BC",,Image;StillImage,image/jpg,,,,image,https://tdjacklin.ca/wp-content/uploads/CollectionBuilder/purple_13.jpg,https://tdjacklin.ca/wp-content/uploads/CollectionBuilder/small/purple_13_sm.jpg,https://tdjacklin.ca/wp-content/uploads/CollectionBuilder/thumbs/purple_13_th.jpg,
purple_14,purple_01,Page 12 of Purple Album Top,,,,,Pompei Foro Civile,Civil Forum,"Pompeii, Italy",40.74946043,14.4850312,"Point Ellice House Museum and Archives, Victoria, BC",,Image;StillImage,image/jpg,eng; ita,,,image,https://tdjacklin.ca/wp-content/uploads/CollectionBuilder/purple_14.jpg,https://tdjacklin.ca/wp-content/uploads/CollectionBuilder/small/purple_14_sm.jpg,https://tdjacklin.ca/wp-content/uploads/CollectionBuilder/thumbs/purple_14_th.jpg,
purple_15,purple_01,Page 12 of Purple Album Right/Middle,,,,,5334 Pompei Basilica,"Basilica, Pompeii","Pompeii, Italy",40.74883771,14.48474913,"Point Ellice House Museum and Archives, Victoria, BC",,Image;StillImage,image/jpg,eng; ita,,,image,https://tdjacklin.ca/wp-content/uploads/CollectionBuilder/purple_15.jpg,https://tdjacklin.ca/wp-content/uploads/CollectionBuilder/small/purple_15_sm.jpg,https://tdjacklin.ca/wp-content/uploads/CollectionBuilder/thumbs/purple_15_th.jpg,
purple_16,purple_01,Page 12 of Purple Album Bottom,,,,,No. 5366 (Pompei Casa di Cornelio Ruffo,House of Cornelius Ruffius,"Pompeii, Italy",40.74979661,14.48802476,"Point Ellice House Museum and Archives, Victoria, BC",,Image;StillImage,image/jpg,eng; ita,,,image,https://tdjacklin.ca/wp-content/uploads/CollectionBuilder/purple_16.jpg,https://tdjacklin.ca/wp-content/uploads/CollectionBuilder/small/purple_16_sm.jpg,https://tdjacklin.ca/wp-content/uploads/CollectionBuilder/thumbs/purple_16_th.jpg,
purple_17,purple_01,Page 13 of Purple Album,G. Sommer,,1860-1916,,,,"Pompeii, Italy",,,"Point Ellice House Museum and Archives, Victoria, BC",,Image;StillImage,image/jpg,,,,image,https://tdjacklin.ca/wp-content/uploads/CollectionBuilder/purple_17.jpg,https://tdjacklin.ca/wp-content/uploads/CollectionBuilder/small/purple_17_sm.jpg,https://tdjacklin.ca/wp-content/uploads/CollectionBuilder/thumbs/purple_17_th.jpg,
purple_17a,purple_01,Page 13 of Purple Album Top,G. Sommer,,,,5316. Casa del Fauno (Pompei),House of the Faun,"Pompeii, Italy",40.75152312,14.48471385,"Point Ellice House Museum and Archives, Victoria, BC",,,,eng; ita,,,image,https://tdjacklin.ca/wp-content/uploads/CollectionBuilder/purple_17a.jpg,https://tdjacklin.ca/wp-content/uploads/CollectionBuilder/small/purple_17a_sm.jpg,https://tdjacklin.ca/wp-content/uploads/CollectionBuilder/thumbs/purple_17a_th.jpg,
purple_17b,purple_01,Page 13 of Purple Album Bottom,G. Sommer,,,,5837. (Pompei) Casa di Marco Oleonio,House of M. Holconius Rufus,"Pompeii, Italy",40.74962524,14.48748808,"Point Ellice House Museum and Archives, Victoria, BC",,,,eng; ita,,,image,https://tdjacklin.ca/wp-content/uploads/CollectionBuilder/purple_17b.jpg,https://tdjacklin.ca/wp-content/uploads/CollectionBuilder/small/purple_17b_sm.jpg,https://tdjacklin.ca/wp-content/uploads/CollectionBuilder/thumbs/purple_17b_th.jpg,
purple_18a,purple_01,Page 14 of Purple Album Top,G. Sommer,,1860-1916,,10804. POMPEI Bagni,Forum Baths,"Pompeii, Italy",40.75111157,14.48408966,"Point Ellice House Museum and Archives, Victoria, BC",,Image;StillImage,image/jpg,eng; ita,,,image,https://tdjacklin.ca/wp-content/uploads/CollectionBuilder/purple_18a.jpg,https://tdjacklin.ca/wp-content/uploads/CollectionBuilder/small/purple_18a_sm.jpg,https://tdjacklin.ca/wp-content/uploads/CollectionBuilder/thumbs/purple_18a_th.jpg,
purple_18b,purple_01,Page 14 of Purple Album Bottom,G. Sommer,,1860-1916,,No. 5345 Forno Pompei,House of the Baker,"Pompeii, Italy",40.75116039,14.48269615,"Point Ellice House Museum and Archives, Victoria, BC",,Image;StillImage,image/jpg,eng; ita,,,image,https://tdjacklin.ca/wp-content/uploads/CollectionBuilder/purple_18b.jpg,https://tdjacklin.ca/wp-content/uploads/CollectionBuilder/small/purple_18b_sm.jpg,https://tdjacklin.ca/wp-content/uploads/CollectionBuilder/thumbs/purple_18b_th.jpg,
purple_19,purple_01,Page 15 of Purple Album,,,,,7202 NAPOLI MUSEO NAZIONALE VENERE CALLIPIGIA,Statue,"Naples, Italy",,,"Point Ellice House Museum and Archives, Victoria, BC",,Image;StillImage,image/jpg,eng; ita,,,image,https://tdjacklin.ca/wp-content/uploads/CollectionBuilder/purple_19.jpg,https://tdjacklin.ca/wp-content/uploads/CollectionBuilder/small/purple_19_sm.jpg,https://tdjacklin.ca/wp-content/uploads/CollectionBuilder/thumbs/purple_19_th.jpg,
purple_20,purple_01,Page 16 of Purple Album,,,,,584 FIRENZE CHIOSTRO DI S. MARCO,San Marco,"Florence, Italy",43.77896901,11.25927685,"Point Ellice House Museum and Archives, Victoria, BC",,Image;StillImage,image/jpg,eng; ita,,,image,https://tdjacklin.ca/wp-content/uploads/CollectionBuilder/purple_20.jpg,https://tdjacklin.ca/wp-content/uploads/CollectionBuilder/small/purple_20_sm.jpg,https://tdjacklin.ca/wp-content/uploads/CollectionBuilder/thumbs/purple_20_th.jpg,
purple_21,purple_01,Page 17 of Purple Album,,,,,#### FIRENZE - PONTE VECCHIO,"Scenery, City; Ponte Vecchio","Florence, Italy",43.76802562,11.25334732,"Point Ellice House Museum and Archives, Victoria, BC",,Image;StillImage,image/jpg,eng; ita,,,image,https://tdjacklin.ca/wp-content/uploads/CollectionBuilder/purple_21.jpg,https://tdjacklin.ca/wp-content/uploads/CollectionBuilder/small/purple_21_sm.jpg,https://tdjacklin.ca/wp-content/uploads/CollectionBuilder/thumbs/purple_21_th.jpg,
purple_22,purple_01,Page 18 of Purple Album,,,,,40## FIRENZE,Loggia dei Lanzi,"Florence, Italy",43.76976322,11.25551194,"Point Ellice House Museum and Archives, Victoria, BC",,Image;StillImage,image/jpg,eng; ita,,,image,https://tdjacklin.ca/wp-content/uploads/CollectionBuilder/purple_22.jpg,https://tdjacklin.ca/wp-content/uploads/CollectionBuilder/small/purple_22_sm.jpg,https://tdjacklin.ca/wp-content/uploads/CollectionBuilder/thumbs/purple_22_th.jpg,
purple_23,purple_01,Page 19 of Purple Album,,,,,4136 FIRENZE PIAZZA DELLA SIGNORA,"Piazza della Signoria; Palazzo Vecchio; Building, Exterior","Florence, Italy",43.76942126,11.25635474,"Point Ellice House Museum and Archives, Victoria, BC",,Image;StillImage,image/jpg,eng; ita,,,image,https://tdjacklin.ca/wp-content/uploads/CollectionBuilder/purple_23.jpg,https://tdjacklin.ca/wp-content/uploads/CollectionBuilder/small/purple_23_sm.jpg,https://tdjacklin.ca/wp-content/uploads/CollectionBuilder/thumbs/purple_23_th.jpg,
purple_24,purple_01,Page 20 of Purple Album,,,,,4044 FIRENZE PALAZZO VECCHIO CORTILE,"Building, Interior; Palazzo Vecchio","Florence, Italy",43.76942126,11.25635474,"Point Ellice House Museum and Archives, Victoria, BC",,Image;StillImage,image/jpg,eng; ita,,,image,https://tdjacklin.ca/wp-content/uploads/CollectionBuilder/purple_24.jpg,https://tdjacklin.ca/wp-content/uploads/CollectionBuilder/small/purple_24_sm.jpg,https://tdjacklin.ca/wp-content/uploads/CollectionBuilder/thumbs/purple_24_th.jpg,
purple_25,purple_01,Page 21 of Purple Album,,,,,4045 FIRENZE - PALAZZO DEL POTESTA,"Bargello; Building, Exterior","Florence, Italy",43.77042212,11.25807906,"Point Ellice House Museum and Archives, Victoria, BC",,Image;StillImage,image/jpg,eng; ita,,,image,https://tdjacklin.ca/wp-content/uploads/CollectionBuilder/purple_25.jpg,https://tdjacklin.ca/wp-content/uploads/CollectionBuilder/small/purple_25_sm.jpg,https://tdjacklin.ca/wp-content/uploads/CollectionBuilder/thumbs/purple_25_th.jpg,
purple_26,purple_01,Page 22 of Purple Album,,,,,4047 FIRENZE PALAZZO DEL POSTESTA CORTILE,"Bargello; Building, Interior","Florence, Italy",43.77042212,11.25807906,"Point Ellice House Museum and Archives, Victoria, BC",,Image;StillImage,image/jpg,eng; ita,,,image,https://tdjacklin.ca/wp-content/uploads/CollectionBuilder/purple_26.jpg,https://tdjacklin.ca/wp-content/uploads/CollectionBuilder/small/purple_26_sm.jpg,https://tdjacklin.ca/wp-content/uploads/CollectionBuilder/thumbs/purple_26_th.jpg,
purple_27,purple_01,Page 23 of Purple Album,,,,,,"Florence Baptistery; Building, Exterior","Florence, Italy",43.77333229,11.25525923,"Point Ellice House Museum and Archives, Victoria, BC",,Image;StillImage,image/jpg,,,,image,https://tdjacklin.ca/wp-content/uploads/CollectionBuilder/purple_27.jpg,https://tdjacklin.ca/wp-content/uploads/CollectionBuilder/small/purple_27_sm.jpg,https://tdjacklin.ca/wp-content/uploads/CollectionBuilder/thumbs/purple_27_th.jpg,
purple_28,purple_01,Page 24 of Purple Album,,,,"East doors, or Gates of Paradise, by Lorenzo Ghiberti, Museo dell'Opera del Duomo",,"Florence Baptistery; Building, Exterior","Florence, Italy",43.77333229,11.25525923,"Point Ellice House Museum and Archives, Victoria, BC",,Image;StillImage,image/jpg,,,,image,https://tdjacklin.ca/wp-content/uploads/CollectionBuilder/purple_28.jpg,https://tdjacklin.ca/wp-content/uploads/CollectionBuilder/small/purple_28_sm.jpg,https://tdjacklin.ca/wp-content/uploads/CollectionBuilder/thumbs/purple_28_th.jpg,
purple_29,purple_01,Page 25 of Purple Album,,,Post 1887,,4319 FIRENZE -- S. MARIA DEL FIORE,"Florence Cathedral; Building, Exterior","Florence, Italy",43.77321608,11.25618214,"Point Ellice House Museum and Archives, Victoria, BC",,Image;StillImage,image/jpg,eng; ita,,,image,https://tdjacklin.ca/wp-content/uploads/CollectionBuilder/purple_29.jpg,https://tdjacklin.ca/wp-content/uploads/CollectionBuilder/small/purple_29_sm.jpg,https://tdjacklin.ca/wp-content/uploads/CollectionBuilder/thumbs/purple_29_th.jpg,
purple_30,purple_01,Page 26 of Purple Album,,,,,4036 FIRENZE MONUMENTO A DANTE,Statue of Dante Alighieri; Piazza Santa Croce; Statue,"Florence, Italy",43.76891556,11.26239275,"Point Ellice House Museum and Archives, Victoria, BC",,Image;StillImage,image/jpg,eng; ita,,,image,https://tdjacklin.ca/wp-content/uploads/CollectionBuilder/purple_30.jpg,https://tdjacklin.ca/wp-content/uploads/CollectionBuilder/small/purple_30_sm.jpg,https://tdjacklin.ca/wp-content/uploads/CollectionBuilder/thumbs/purple_30_th.jpg,
purple_31,purple_01,Page 27 of Purple Album,,,Post 1863,,372. FIRENZE - S. CROCE,"Basilica of Santa Croce; Building, Exterior","Florence, Italy",43.76859958,11.26238147,"Point Ellice House Museum and Archives, Victoria, BC",,Image;StillImage,image/jpg,eng; ita,,,image,https://tdjacklin.ca/wp-content/uploads/CollectionBuilder/purple_31.jpg,https://tdjacklin.ca/wp-content/uploads/CollectionBuilder/small/purple_31_sm.jpg,https://tdjacklin.ca/wp-content/uploads/CollectionBuilder/thumbs/purple_31_th.jpg,
purple_32,purple_01,Page 28 of Purple Album,,,,,608.? FIRENZE INTERNO DELLA CHIESA DI S. CROCE,"Building, Interior; Basilica of Santa Croce","Florence, Italy",43.76859958,11.26238147,"Point Ellice House Museum and Archives, Victoria, BC",,Image;StillImage,image/jpg,eng; ita,,,image,https://tdjacklin.ca/wp-content/uploads/CollectionBuilder/purple_32.jpg,https://tdjacklin.ca/wp-content/uploads/CollectionBuilder/small/purple_32_sm.jpg,https://tdjacklin.ca/wp-content/uploads/CollectionBuilder/thumbs/purple_32_th.jpg,
purple_33,purple_01,Page 29 of Purple Album,,,,,814 FIRENZE POSTERIORE DEL DUOMO,"Florence Cathedral; Building, Exterior","Florence, Italy",43.77321608,11.25618214,"Point Ellice House Museum and Archives, Victoria, BC",,Image;StillImage,image/jpg,eng; ita,,,image,https://tdjacklin.ca/wp-content/uploads/CollectionBuilder/purple_33.jpg,https://tdjacklin.ca/wp-content/uploads/CollectionBuilder/small/purple_33_sm.jpg,https://tdjacklin.ca/wp-content/uploads/CollectionBuilder/thumbs/purple_33_th.jpg,
purple_34,purple_01,Page 30 of Purple Album,,,,,3019. FIRENZE. Il Campanile di Giotto ,"Giotto's Bell Tower; Building, Exterior","Florence, Italy",43.77316821,11.25547992,"Point Ellice House Museum and Archives, Victoria, BC",,Image;StillImage,image/jpg,eng; ita,,,image,https://tdjacklin.ca/wp-content/uploads/CollectionBuilder/purple_34.jpg,https://tdjacklin.ca/wp-content/uploads/CollectionBuilder/small/purple_34_sm.jpg,https://tdjacklin.ca/wp-content/uploads/CollectionBuilder/thumbs/purple_34_th.jpg,
purple_35,purple_01,Page 31 of Purple Album,,,,,379. FIRENZE - OR S. MICHELE,"Orsanmichele; Building, Exterior","Florence, Italy",43.77081508,11.25514417,"Point Ellice House Museum and Archives, Victoria, BC",,Image;StillImage,image/jpg,eng; ita,,,image,https://tdjacklin.ca/wp-content/uploads/CollectionBuilder/purple_35.jpg,https://tdjacklin.ca/wp-content/uploads/CollectionBuilder/small/purple_35_sm.jpg,https://tdjacklin.ca/wp-content/uploads/CollectionBuilder/thumbs/purple_35_th.jpg,
purple_36,purple_01,Page 32 of Purple Album,,,,,34? FIRENZE PIAZZA S. M. NOVELLA,"Piazza di Santa Maria Novella; Building, Exterior","Florence, Italy",43.77360129,11.24999551,"Point Ellice House Museum and Archives, Victoria, BC",,Image;StillImage,image/jpg,eng; ita,,,image,https://tdjacklin.ca/wp-content/uploads/CollectionBuilder/purple_36.jpg,https://tdjacklin.ca/wp-content/uploads/CollectionBuilder/small/purple_36_sm.jpg,https://tdjacklin.ca/wp-content/uploads/CollectionBuilder/thumbs/purple_36_th.jpg,
purple_37,purple_01,Page 33 of Purple Album,,,,,,"Bargello; Building, Interior","Florence, Italy",43.77042212,11.25807906,"Point Ellice House Museum and Archives, Victoria, BC",,Image;StillImage,image/jpg,,,,image,https://tdjacklin.ca/wp-content/uploads/CollectionBuilder/purple_37.jpg,https://tdjacklin.ca/wp-content/uploads/CollectionBuilder/small/purple_37_sm.jpg,https://tdjacklin.ca/wp-content/uploads/CollectionBuilder/thumbs/purple_37_th.jpg,
purple_38,purple_01,Page 34 of Purple Album,,,,,70. FIRENZE Palazzo Strozzi architecttara di Benedicto da Ma___,"Palazzo Strozzi; Building, Exterior","Florence, Italy",43.77138911,11.25230834,"Point Ellice House Museum and Archives, Victoria, BC",,Image;StillImage,image/jpg,eng; ita,,,image,https://tdjacklin.ca/wp-content/uploads/CollectionBuilder/purple_38.jpg,https://tdjacklin.ca/wp-content/uploads/CollectionBuilder/small/purple_38_sm.jpg,https://tdjacklin.ca/wp-content/uploads/CollectionBuilder/thumbs/purple_38_th.jpg,
purple_39,purple_01,Page 35 of Purple Album,,,,,,,,,,"Point Ellice House Museum and Archives, Victoria, BC",,Image;StillImage,image/jpg,,,,image,https://tdjacklin.ca/wp-content/uploads/CollectionBuilder/purple_39.jpg,https://tdjacklin.ca/wp-content/uploads/CollectionBuilder/small/purple_39_sm.jpg,https://tdjacklin.ca/wp-content/uploads/CollectionBuilder/thumbs/purple_39_th.jpg,
purple_40,purple_01,Page 36 of Purple Album,,,,,413 - FIRENZE - TOMBA DI GIULIANO DE MEDICI DI MICHELANGIOLO,"Tomb of Giuliano de' Medici, Duke of Nemours; Sagrestia Nuova; Medici Chapel","Florence, Italy",43.77524621,11.25378726,"Point Ellice House Museum and Archives, Victoria, BC",,Image;StillImage,image/jpg,eng; ita,,,image,https://tdjacklin.ca/wp-content/uploads/CollectionBuilder/purple_40.jpg,https://tdjacklin.ca/wp-content/uploads/CollectionBuilder/small/purple_40_sm.jpg,https://tdjacklin.ca/wp-content/uploads/CollectionBuilder/thumbs/purple_40_th.jpg,
purple_41,purple_01,Page 37 of Purple Album,,,,,,"San Miniato al Monte; Building, Interior","Florence, Italy",43.75958885,11.26533365,"Point Ellice House Museum and Archives, Victoria, BC",,Image;StillImage,image/jpg,,,,image,https://tdjacklin.ca/wp-content/uploads/CollectionBuilder/purple_41.jpg,https://tdjacklin.ca/wp-content/uploads/CollectionBuilder/small/purple_41_sm.jpg,https://tdjacklin.ca/wp-content/uploads/CollectionBuilder/thumbs/purple_41_th.jpg,
purple_42,purple_01,Page 38 of Purple Album,Fotografia dell'Emilia,,,Tower Asinelli and Tower Garisenda,Bologna no 3 _orri __simelli e Garisenoli. Fotos dell' Emilia Bologna,"Two Towers, Bologna; Building, Exterior","Bologna, Italy",44.49433182,11.34704233,"Point Ellice House Museum and Archives, Victoria, BC",,Image;StillImage,image/jpg,eng; ita,,,image,https://tdjacklin.ca/wp-content/uploads/CollectionBuilder/purple_42.jpg,https://tdjacklin.ca/wp-content/uploads/CollectionBuilder/small/purple_42_sm.jpg,https://tdjacklin.ca/wp-content/uploads/CollectionBuilder/thumbs/purple_42_th.jpg,
purple_43,purple_01,Page 39 of Purple Album,Fotografia dell'Emilia,,,,No 243 Cafe anliche nella Piazza S Stephano. Fotoga dell' Emilia Bologna,"Piazza Santo Stefano; Building, Exterior","Bologna, Italy",44.4923878,11.34867347,"Point Ellice House Museum and Archives, Victoria, BC",,Image;StillImage,image/jpg,eng; ita,,,image,https://tdjacklin.ca/wp-content/uploads/CollectionBuilder/purple_43.jpg,https://tdjacklin.ca/wp-content/uploads/CollectionBuilder/small/purple_43_sm.jpg,https://tdjacklin.ca/wp-content/uploads/CollectionBuilder/thumbs/purple_43_th.jpg,
purple_44,purple_01,Page 40 of Purple Album,Fotografia dell'Emilia,,,,Bologna No 18. A. Palazzo Comunale ___ dell' Emilia Bologna,"Palazzo d'Accursio; Building, Exterior","Bologna, Italy",44.49411413,11.34264313,"Point Ellice House Museum and Archives, Victoria, BC",,Image;StillImage,image/jpg,eng; ita,,,image,https://tdjacklin.ca/wp-content/uploads/CollectionBuilder/purple_44.jpg,https://tdjacklin.ca/wp-content/uploads/CollectionBuilder/small/purple_44_sm.jpg,https://tdjacklin.ca/wp-content/uploads/CollectionBuilder/thumbs/purple_44_th.jpg,
purple_45,purple_01,Page 41 of Purple Album,,,,,,,,,,"Point Ellice House Museum and Archives, Victoria, BC",,Image;StillImage,image/jpg,,,,image,https://tdjacklin.ca/wp-content/uploads/CollectionBuilder/purple_45.jpg,https://tdjacklin.ca/wp-content/uploads/CollectionBuilder/small/purple_45_sm.jpg,https://tdjacklin.ca/wp-content/uploads/CollectionBuilder/thumbs/purple_45_th.jpg,
purple_46,purple_01,Page 42 of Purple Album,,,,,707,,,,,"Point Ellice House Museum and Archives, Victoria, BC",,Image;StillImage,image/jpg,,,,image,https://tdjacklin.ca/wp-content/uploads/CollectionBuilder/purple_46.jpg,https://tdjacklin.ca/wp-content/uploads/CollectionBuilder/small/purple_46_sm.jpg,https://tdjacklin.ca/wp-content/uploads/CollectionBuilder/thumbs/purple_46_th.jpg,
purple_47,purple_01,Page 43 of Purple Album,,,,,,,,,,"Point Ellice House Museum and Archives, Victoria, BC",,Image;StillImage,image/jpg,,,,image,https://tdjacklin.ca/wp-content/uploads/CollectionBuilder/purple_47.jpg,https://tdjacklin.ca/wp-content/uploads/CollectionBuilder/small/purple_47_sm.jpg,https://tdjacklin.ca/wp-content/uploads/CollectionBuilder/thumbs/purple_47_th.jpg,
purple_48,purple_01,Page 44 of Purple Album,,,,,,,,,,"Point Ellice House Museum and Archives, Victoria, BC",,Image;StillImage,image/jpg,,,,image,https://tdjacklin.ca/wp-content/uploads/CollectionBuilder/purple_48.jpg,https://tdjacklin.ca/wp-content/uploads/CollectionBuilder/small/purple_48_sm.jpg,https://tdjacklin.ca/wp-content/uploads/CollectionBuilder/thumbs/purple_48_th.jpg,
purple_49,purple_01,Page 45 of Purple Album,,,,,,,,,,"Point Ellice House Museum and Archives, Victoria, BC",,Image;StillImage,image/jpg,,,,image,https://tdjacklin.ca/wp-content/uploads/CollectionBuilder/purple_49.jpg,https://tdjacklin.ca/wp-content/uploads/CollectionBuilder/small/purple_49_sm.jpg,https://tdjacklin.ca/wp-content/uploads/CollectionBuilder/thumbs/purple_49_th.jpg,
purple_50,purple_01,Page 46 of Purple Album,,,,,P^1 . 1^A - N^o MILANO PIAZZO DEL DUOMA E ABCO DELLA GALLERIA VITTORIO EMANUALE (VEOUTA ANIMATA) 18924,Piazza del Duomo; Milan Cathedral; Galleria Vittorio Emanuele II,"Milan, Italy",45.46435209,9.190170065,"Point Ellice House Museum and Archives, Victoria, BC",,Image;StillImage,image/jpg,eng; ita,,,image,https://tdjacklin.ca/wp-content/uploads/CollectionBuilder/purple_50.jpg,https://tdjacklin.ca/wp-content/uploads/CollectionBuilder/small/purple_50_sm.jpg,https://tdjacklin.ca/wp-content/uploads/CollectionBuilder/thumbs/purple_50_th.jpg,
purple_51,purple_01,Page 47 of Purple Album,,,,,5979 a) MILANO (Cattedrale). Crociera vista dal lato meridionale,"Milan Cathedral; Building, Interior","Milan, Italy",45.46419532,9.192259068,"Point Ellice House Museum and Archives, Victoria, BC",,Image;StillImage,image/jpg,eng; ita,,,image,https://tdjacklin.ca/wp-content/uploads/CollectionBuilder/purple_51.jpg,https://tdjacklin.ca/wp-content/uploads/CollectionBuilder/small/purple_51_sm.jpg,https://tdjacklin.ca/wp-content/uploads/CollectionBuilder/thumbs/purple_51_th.jpg,
purple_52,purple_01,Page 48 of Purple Album,,,,,no 2163 MILANO - Corso Vittorio Emanuele,Corso Vittorio Emanuele,"Milan, Italy",45.46556179,9.195710161,"Point Ellice House Museum and Archives, Victoria, BC",,Image;StillImage,image/jpg,eng; ita,,,image,https://tdjacklin.ca/wp-content/uploads/CollectionBuilder/purple_52.jpg,https://tdjacklin.ca/wp-content/uploads/CollectionBuilder/small/purple_52_sm.jpg,https://tdjacklin.ca/wp-content/uploads/CollectionBuilder/thumbs/purple_52_th.jpg,
purple_53,purple_01,Page 49 of Purple Album,,,,,Costume della Brianza,Portrait,,,,"Point Ellice House Museum and Archives, Victoria, BC",,Image;StillImage,image/jpg,,,,image,https://tdjacklin.ca/wp-content/uploads/CollectionBuilder/purple_53.jpg,https://tdjacklin.ca/wp-content/uploads/CollectionBuilder/small/purple_53_sm.jpg,https://tdjacklin.ca/wp-content/uploads/CollectionBuilder/thumbs/purple_53_th.jpg,
purple_54,purple_01,Page 50 of Purple Album,Photographia Nessi - Como,,,,13. SECONDO BACINO DEL LAGO DI COMO,"Scenery, Nature; Panorama","Lake Como, Italy",45.84868585,9.096511204,"Point Ellice House Museum and Archives, Victoria, BC",,Image;StillImage,image/jpg,eng; ita,,,image,https://tdjacklin.ca/wp-content/uploads/CollectionBuilder/purple_54.jpg,https://tdjacklin.ca/wp-content/uploads/CollectionBuilder/small/purple_54_sm.jpg,https://tdjacklin.ca/wp-content/uploads/CollectionBuilder/thumbs/purple_54_th.jpg,
purple_55,purple_01,Page 51 of Purple Album,Photographia Nessi - Como,,,,Como - VEDUTA GENERALE DEL LAGO,"Scenery, Nature; Panorama","Lake Como, Italy",45.84868585,9.096511204,"Point Ellice House Museum and Archives, Victoria, BC",,Image;StillImage,image/jpg,eng; ita,,,image,https://tdjacklin.ca/wp-content/uploads/CollectionBuilder/purple_55.jpg,https://tdjacklin.ca/wp-content/uploads/CollectionBuilder/small/purple_55_sm.jpg,https://tdjacklin.ca/wp-content/uploads/CollectionBuilder/thumbs/purple_55_th.jpg,
purple_56,purple_01,Page 52 of Purple Album,,,,,,"Como Cathedral; Building, Exterior","Lake Como, Italy",45.81178616,9.08375308,"Point Ellice House Museum and Archives, Victoria, BC",,Image;StillImage,image/jpg,,,,image,https://tdjacklin.ca/wp-content/uploads/CollectionBuilder/purple_56.jpg,https://tdjacklin.ca/wp-content/uploads/CollectionBuilder/small/purple_56_sm.jpg,https://tdjacklin.ca/wp-content/uploads/CollectionBuilder/thumbs/purple_56_th.jpg,
purple_57,purple_01,Page 53 of Purple Album,,,,,del Duomo di Como,"Como Cathedral; Building, Interior","Lake Como, Italy",45.81178616,9.08375308,"Point Ellice House Museum and Archives, Victoria, BC",,Image;StillImage,image/jpg,eng; ita,,,image,https://tdjacklin.ca/wp-content/uploads/CollectionBuilder/purple_57.jpg,https://tdjacklin.ca/wp-content/uploads/CollectionBuilder/small/purple_57_sm.jpg,https://tdjacklin.ca/wp-content/uploads/CollectionBuilder/thumbs/purple_57_th.jpg,
purple_58,purple_01,Page 54 of Purple Album,,,,,13162 Luzern - Panorama,Panorama,"Lucerne, Switzerland",47.02842902,8.351592195,"Point Ellice House Museum and Archives, Victoria, BC",,Image;StillImage,image/jpg,,,,image,https://tdjacklin.ca/wp-content/uploads/CollectionBuilder/purple_58.jpg,https://tdjacklin.ca/wp-content/uploads/CollectionBuilder/small/purple_58_sm.jpg,https://tdjacklin.ca/wp-content/uploads/CollectionBuilder/thumbs/purple_58_th.jpg,
purple_59,purple_01,Page 55 of Purple Album,,,post 1886,,12558 Luzern Spreuerbrucko,Spreuer Bridge,"Lucerne, Switzerland",47.05199647,8.302037705,"Point Ellice House Museum and Archives, Victoria, BC",,Image;StillImage,image/jpg,,,,image,https://tdjacklin.ca/wp-content/uploads/CollectionBuilder/purple_59.jpg,https://tdjacklin.ca/wp-content/uploads/CollectionBuilder/small/purple_59_sm.jpg,https://tdjacklin.ca/wp-content/uploads/CollectionBuilder/thumbs/purple_59_th.jpg,
purple_60,purple_01,Page 56 of Purple Album,,,,,12119 Luzern Lowendenkmal,Lion of Lucerne; Monument,"Lucerne, Switzerland",47.058583,8.311208796,"Point Ellice House Museum and Archives, Victoria, BC",,Image;StillImage,image/jpg,,,,image,https://tdjacklin.ca/wp-content/uploads/CollectionBuilder/purple_60.jpg,https://tdjacklin.ca/wp-content/uploads/CollectionBuilder/small/purple_60_sm.jpg,https://tdjacklin.ca/wp-content/uploads/CollectionBuilder/thumbs/purple_60_th.jpg,
red_01,,Cover of Red Album,,,,,,,,,,"Point Ellice House Museum and Archives, Victoria, BC",,Image;StillImage,image/jpg,,,,compound_object,https://tdjacklin.ca/wp-content/uploads/CollectionBuilder/red_01.jpg,https://tdjacklin.ca/wp-content/uploads/CollectionBuilder/small/red_01_sm.jpg,https://tdjacklin.ca/wp-content/uploads/CollectionBuilder/thumbs/red_01_th.jpg,
red_02,red_01,Page 1 of Red Album,,1884,,,St. Peter's. Rome. 1884,"St. Peter's Basilica; Building, Exterior","Rome, Italy",41.90226833,12.45393703,"Point Ellice House Museum and Archives, Victoria, BC",,Image;StillImage,image/jpg,,,,image,https://tdjacklin.ca/wp-content/uploads/CollectionBuilder/red_02.jpg,https://tdjacklin.ca/wp-content/uploads/CollectionBuilder/small/red_02_sm.jpg,https://tdjacklin.ca/wp-content/uploads/CollectionBuilder/thumbs/red_02_th.jpg,
red_04,red_01,Page 2 of Red Album,,,1884,,The Capitol,Capitoline Hill Concordata,"Rome, Italy",41.89361543,12.48253052,"Point Ellice House Museum and Archives, Victoria, BC",,Image;StillImage,image/jpg,,,,image,https://tdjacklin.ca/wp-content/uploads/CollectionBuilder/red_04.jpg,https://tdjacklin.ca/wp-content/uploads/CollectionBuilder/small/red_04_sm.jpg,https://tdjacklin.ca/wp-content/uploads/CollectionBuilder/thumbs/red_04_th.jpg,
red_05,red_01,Page 3 of Red Album,,,1884,,,,"Rome, Italy",,,"Point Ellice House Museum and Archives, Victoria, BC",,Image;StillImage,image/jpg,,,,image,https://tdjacklin.ca/wp-content/uploads/CollectionBuilder/red_05.jpg,https://tdjacklin.ca/wp-content/uploads/CollectionBuilder/small/red_05_sm.jpg,https://tdjacklin.ca/wp-content/uploads/CollectionBuilder/thumbs/red_05_th.jpg,
red_05a,red_01,Page 3 Top Photo of Red Album,,,1884,,"Piazza del Popolo, from the gate",Piazza del Popolo; Obelisk,"Rome, Italy",41.91110626,12.476364,"Point Ellice House Museum and Archives, Victoria, BC",,,,eng; ita,,,image,https://tdjacklin.ca/wp-content/uploads/CollectionBuilder/red_05a.jpg,https://tdjacklin.ca/wp-content/uploads/CollectionBuilder/small/red_05a_sm.jpg,https://tdjacklin.ca/wp-content/uploads/CollectionBuilder/thumbs/red_05a_th.jpg,
red_05b,red_01,Page 3 Bottom Photo of Red Album,,,1884,,"Piazza del Popolo, from the Pincian Hill",Pincian Hill; Piazza del Popolo; Obelisk,"Rome, Italy",41.91110626,12.476364,"Point Ellice House Museum and Archives, Victoria, BC",,,,eng; ita,,,image,https://tdjacklin.ca/wp-content/uploads/CollectionBuilder/red_05b.jpg,https://tdjacklin.ca/wp-content/uploads/CollectionBuilder/small/red_05b_sm.jpg,https://tdjacklin.ca/wp-content/uploads/CollectionBuilder/thumbs/red_05b_th.jpg,
red_06,red_01,Page 4 of Red Album,,,1884,,,,"Rome, Italy",,,"Point Ellice House Museum and Archives, Victoria, BC",,Image;StillImage,image/jpg,,,,image,https://tdjacklin.ca/wp-content/uploads/CollectionBuilder/red_06.jpg,https://tdjacklin.ca/wp-content/uploads/CollectionBuilder/small/red_06_sm.jpg,https://tdjacklin.ca/wp-content/uploads/CollectionBuilder/thumbs/red_06_th.jpg,
red_06a,red_01,Page 4 Top Left of Red Album,,,1884,,,Trajan's Column; Monument,"Rome, Italy",41.89595269,12.48456719,"Point Ellice House Museum and Archives, Victoria, BC",,,,,,,image,https://tdjacklin.ca/wp-content/uploads/CollectionBuilder/red_06a.jpg,https://tdjacklin.ca/wp-content/uploads/CollectionBuilder/small/red_06a_sm.jpg,https://tdjacklin.ca/wp-content/uploads/CollectionBuilder/thumbs/red_06a_th.jpg,
red_06b,red_01,Page 4 Top Right of Red Album,,,1884,,,"Mausoleum of Hadrian; Castel Sant'Angelo; Building, Exterior","Rome, Italy",41.9032067,12.46679917,"Point Ellice House Museum and Archives, Victoria, BC",,,,,,,image,https://tdjacklin.ca/wp-content/uploads/CollectionBuilder/red_06b.jpg,https://tdjacklin.ca/wp-content/uploads/CollectionBuilder/small/red_06b_sm.jpg,https://tdjacklin.ca/wp-content/uploads/CollectionBuilder/thumbs/red_06b_th.jpg,
red_06c,red_01,Page 4 Bottom Left of Red Album,,,1884,,,"Mausoleum of Hadrian; Castel Sant'Angelo; Building, Exterior","Rome, Italy",41.9032067,12.46679917,"Point Ellice House Museum and Archives, Victoria, BC",,,,,,,image,https://tdjacklin.ca/wp-content/uploads/CollectionBuilder/red_06c.jpg,https://tdjacklin.ca/wp-content/uploads/CollectionBuilder/small/red_06c_sm.jpg,https://tdjacklin.ca/wp-content/uploads/CollectionBuilder/thumbs/red_06c_th.jpg,
red_06d,red_01,Page 4 Bottom Right of Red Album,,,1884,,,"Villa Medici; Building, Exterior","Rome, Italy",41.90829137,12.48288049,"Point Ellice House Museum and Archives, Victoria, BC",,,,,,,image,https://tdjacklin.ca/wp-content/uploads/CollectionBuilder/red_06d.jpg,https://tdjacklin.ca/wp-content/uploads/CollectionBuilder/small/red_06d_sm.jpg,https://tdjacklin.ca/wp-content/uploads/CollectionBuilder/thumbs/red_06d_th.jpg,
red_07,red_01,Page 5 of Red Album,,,1884,,Panorama dal Pincio_ Roma,Pincian Hill,"Rome, Italy",41.91113045,12.48117905,"Point Ellice House Museum and Archives, Victoria, BC",,Image;StillImage,image/jpg,eng; ita,,,image,https://tdjacklin.ca/wp-content/uploads/CollectionBuilder/red_07.jpg,https://tdjacklin.ca/wp-content/uploads/CollectionBuilder/small/red_07_sm.jpg,https://tdjacklin.ca/wp-content/uploads/CollectionBuilder/thumbs/red_07_th.jpg,
red_08,red_01,Page 6 of Red Album,,,1884,,,,"Rome, Italy",,,"Point Ellice House Museum and Archives, Victoria, BC",,Image;StillImage,image/jpg,,,,image,https://tdjacklin.ca/wp-content/uploads/CollectionBuilder/red_08.jpg,https://tdjacklin.ca/wp-content/uploads/CollectionBuilder/small/red_08_sm.jpg,https://tdjacklin.ca/wp-content/uploads/CollectionBuilder/thumbs/red_08_th.jpg,
red_08a,red_01,Page 6 Top Left of Red Album,,,1884,,Fountain on the Pincian Hill,Pincian Hill,"Rome, Italy",41.91113045,12.48117905,"Point Ellice House Museum and Archives, Victoria, BC",,,,,,,image,https://tdjacklin.ca/wp-content/uploads/CollectionBuilder/red_08a.jpg,https://tdjacklin.ca/wp-content/uploads/CollectionBuilder/small/red_08a_sm.jpg,https://tdjacklin.ca/wp-content/uploads/CollectionBuilder/thumbs/red_08a_th.jpg,
red_08b,red_01,Page 6 Bottom Left of Red Album,,,1884,,N.o. 1088. Roma. Fontana delle Tartarughe,Fontana delle Tartarughe; The Turtle Fountain; Piazza Mattei,"Rome, Italy",41.89396997,12.47752283,"Point Ellice House Museum and Archives, Victoria, BC",,,,,,,image,https://tdjacklin.ca/wp-content/uploads/CollectionBuilder/red_08b.jpg,https://tdjacklin.ca/wp-content/uploads/CollectionBuilder/small/red_08b_sm.jpg,https://tdjacklin.ca/wp-content/uploads/CollectionBuilder/thumbs/red_08b_th.jpg,
red_08c,red_01,Page 6 Top Right of Red Album,,,1884,,,St. Peter's Square,"Rome, Italy",41.90228679,12.4567495,"Point Ellice House Museum and Archives, Victoria, BC",,,,,,,image,https://tdjacklin.ca/wp-content/uploads/CollectionBuilder/red_08c.jpg,https://tdjacklin.ca/wp-content/uploads/CollectionBuilder/small/red_08c_sm.jpg,https://tdjacklin.ca/wp-content/uploads/CollectionBuilder/thumbs/red_08c_th.jpg,
red_08d,red_01,Page 6 Middle Right of Red Album,,,1884,,,Fontana dell'Acqua Paola,"Rome, Italy",41.88900191,12.46463111,"Point Ellice House Museum and Archives, Victoria, BC",,,,,,,image,https://tdjacklin.ca/wp-content/uploads/CollectionBuilder/red_08d.jpg,https://tdjacklin.ca/wp-content/uploads/CollectionBuilder/small/red_08d_sm.jpg,https://tdjacklin.ca/wp-content/uploads/CollectionBuilder/thumbs/red_08d_th.jpg,
red_08e,red_01,Page 6 Bottom Right of Red Album,,,1884,,,"Temple of Hercules Victor; Building, Exterior","Rome, Italy",41.88880629,12.48082932,"Point Ellice House Museum and Archives, Victoria, BC",,,,,,,image,https://tdjacklin.ca/wp-content/uploads/CollectionBuilder/red_08e.jpg,https://tdjacklin.ca/wp-content/uploads/CollectionBuilder/small/red_08e_sm.jpg,https://tdjacklin.ca/wp-content/uploads/CollectionBuilder/thumbs/red_08e_th.jpg,
red_09,red_01,Page 7 of Red Album,,,1884,,,,"Rome, Italy",,,"Point Ellice House Museum and Archives, Victoria, BC",,Image;StillImage,image/jpg,,,,image,https://tdjacklin.ca/wp-content/uploads/CollectionBuilder/red_09.jpg,https://tdjacklin.ca/wp-content/uploads/CollectionBuilder/small/red_09_sm.jpg,https://tdjacklin.ca/wp-content/uploads/CollectionBuilder/thumbs/red_09_th.jpg,
red_09a,red_01,Page 7 Top Left of Red Album,,,1884,,,Fontana dell'Acqua Paola,"Rome, Italy",41.88900191,12.46463111,"Point Ellice House Museum and Archives, Victoria, BC",,,,,,,image,https://tdjacklin.ca/wp-content/uploads/CollectionBuilder/red_09a.jpg,https://tdjacklin.ca/wp-content/uploads/CollectionBuilder/small/red_09a_sm.jpg,https://tdjacklin.ca/wp-content/uploads/CollectionBuilder/thumbs/red_09a_th.jpg,
red_09b,red_01,Page 7 Bottom Left of Red Album,,,1884,,,"Pantheon; Building, Exterior","Rome, Italy",41.89873056,12.47707674,"Point Ellice House Museum and Archives, Victoria, BC",,,,,,,image,https://tdjacklin.ca/wp-content/uploads/CollectionBuilder/red_09b.jpg,https://tdjacklin.ca/wp-content/uploads/CollectionBuilder/small/red_09b_sm.jpg,https://tdjacklin.ca/wp-content/uploads/CollectionBuilder/thumbs/red_09b_th.jpg,
red_09c,red_01,Page 7 Top Right of Red Album,,,1884,,,"Temple of Antonius and Faustina; Roman Forum; Building, Exterior","Rome, Italy",41.89245084,12.48731992,"Point Ellice House Museum and Archives, Victoria, BC",,,,,,,image,https://tdjacklin.ca/wp-content/uploads/CollectionBuilder/red_09c.jpg,https://tdjacklin.ca/wp-content/uploads/CollectionBuilder/small/red_09c_sm.jpg,https://tdjacklin.ca/wp-content/uploads/CollectionBuilder/thumbs/red_09c_th.jpg,
red_09d,red_01,Page 7 Bottom Right of Red Album,,,1884,,,Fontana del Tritone; Piazza Barberini,"Rome, Italy",41.90384613,12.48884778,"Point Ellice House Museum and Archives, Victoria, BC",,,,,,,image,https://tdjacklin.ca/wp-content/uploads/CollectionBuilder/red_09d.jpg,https://tdjacklin.ca/wp-content/uploads/CollectionBuilder/small/red_09d_sm.jpg,https://tdjacklin.ca/wp-content/uploads/CollectionBuilder/thumbs/red_09d_th.jpg,
red_10,red_01,Page 8 of Red Album,,,1884,,,,"Rome, Italy",,,"Point Ellice House Museum and Archives, Victoria, BC",,Image;StillImage,image/jpg,,,,image,https://tdjacklin.ca/wp-content/uploads/CollectionBuilder/red_10.jpg,https://tdjacklin.ca/wp-content/uploads/CollectionBuilder/small/red_10_sm.jpg,https://tdjacklin.ca/wp-content/uploads/CollectionBuilder/thumbs/red_10_th.jpg,
red_10a,red_01,Page 8 Top Left of Red Album,,,1884,,Printed Caption is cut off,Capitoline Hill Concordata,"Rome, Italy",41.89361543,12.48253052,"Point Ellice House Museum and Archives, Victoria, BC",,,,,,,image,https://tdjacklin.ca/wp-content/uploads/CollectionBuilder/red_10a.jpg,https://tdjacklin.ca/wp-content/uploads/CollectionBuilder/small/red_10a_sm.jpg,https://tdjacklin.ca/wp-content/uploads/CollectionBuilder/thumbs/red_10a_th.jpg,
red_10b,red_01,Page 8 Bottom Left of Red Album,,,1884,,St John,"Archbasilica of Saint John Lateran; Building, Exterior","Rome, Italy",41.88601686,12.50596267,"Point Ellice House Museum and Archives, Victoria, BC",,,,,,,image,https://tdjacklin.ca/wp-content/uploads/CollectionBuilder/red_10b.jpg,https://tdjacklin.ca/wp-content/uploads/CollectionBuilder/small/red_10b_sm.jpg,https://tdjacklin.ca/wp-content/uploads/CollectionBuilder/thumbs/red_10b_th.jpg,
red_10c,red_01,Page 8 Top Right of Red Album,,,1884,,,"Archbasilica of Saint John Lateran; Building, Interior; Lateran Cloister","Rome, Italy",41.88601686,12.50596267,"Point Ellice House Museum and Archives, Victoria, BC",,,,,,,image,https://tdjacklin.ca/wp-content/uploads/CollectionBuilder/red_10c.jpg,https://tdjacklin.ca/wp-content/uploads/CollectionBuilder/small/red_10c_sm.jpg,https://tdjacklin.ca/wp-content/uploads/CollectionBuilder/thumbs/red_10c_th.jpg,
red_10d,red_01,Page 8 Bottom Right of Red Album,,,1884,,St John Lateran,"Archbasilica of Saint John Lateran; Building, Exterior","Rome, Italy",41.88601686,12.50596267,"Point Ellice House Museum and Archives, Victoria, BC",,,,,,,image,https://tdjacklin.ca/wp-content/uploads/CollectionBuilder/red_10d.jpg,https://tdjacklin.ca/wp-content/uploads/CollectionBuilder/small/red_10d_sm.jpg,https://tdjacklin.ca/wp-content/uploads/CollectionBuilder/thumbs/red_10d_th.jpg,
red_11,red_01,Page 9 of Red Album,,,1884,,,,"Rome, Italy",,,"Point Ellice House Museum and Archives, Victoria, BC",,Image;StillImage,image/jpg,,,,image,https://tdjacklin.ca/wp-content/uploads/CollectionBuilder/red_11.jpg,https://tdjacklin.ca/wp-content/uploads/CollectionBuilder/small/red_11_sm.jpg,https://tdjacklin.ca/wp-content/uploads/CollectionBuilder/thumbs/red_11_th.jpg,
red_11a,red_01,Page 9 Top Left of Red Album,,,1884,,St. Peter's,"St. Peter's Basilica; Building, Interior","Rome, Italy",41.90226833,12.45393703,"Point Ellice House Museum and Archives, Victoria, BC",,,,,,,image,https://tdjacklin.ca/wp-content/uploads/CollectionBuilder/red_11a.jpg,https://tdjacklin.ca/wp-content/uploads/CollectionBuilder/small/red_11a_sm.jpg,https://tdjacklin.ca/wp-content/uploads/CollectionBuilder/thumbs/red_11a_th.jpg,
red_11b,red_01,Page 9 Top Right of Red Album,,,1884,,,St. Peter's Square,"Rome, Italy",41.90228679,12.4567495,"Point Ellice House Museum and Archives, Victoria, BC",,,,,,,image,https://tdjacklin.ca/wp-content/uploads/CollectionBuilder/red_11b.jpg,https://tdjacklin.ca/wp-content/uploads/CollectionBuilder/small/red_11b_sm.jpg,https://tdjacklin.ca/wp-content/uploads/CollectionBuilder/thumbs/red_11b_th.jpg,
red_11c,red_01,Page 9 Bottom of Red Album,,,1884,,,"Archbasilica of Saint John Lateran; Building, Interior","Rome, Italy",41.88601686,12.50596267,"Point Ellice House Museum and Archives, Victoria, BC",,,,,,,image,https://tdjacklin.ca/wp-content/uploads/CollectionBuilder/red_11c.jpg,https://tdjacklin.ca/wp-content/uploads/CollectionBuilder/small/red_11c_sm.jpg,https://tdjacklin.ca/wp-content/uploads/CollectionBuilder/thumbs/red_11c_th.jpg,
red_12,red_01,Page 10 of Red Album,,,1884,,,,"Rome, Italy",,,"Point Ellice House Museum and Archives, Victoria, BC",,Image;StillImage,image/jpg,,,,image,https://tdjacklin.ca/wp-content/uploads/CollectionBuilder/red_12.jpg,https://tdjacklin.ca/wp-content/uploads/CollectionBuilder/small/red_12_sm.jpg,https://tdjacklin.ca/wp-content/uploads/CollectionBuilder/thumbs/red_12_th.jpg,
red_12a,red_01,Page 10 Top Left of Red Album,,,1884,,St John Lateran,"Archbasilica of Saint John Lateran; Building, Exterior","Rome, Italy",41.88601686,12.50596267,"Point Ellice House Museum and Archives, Victoria, BC",,,,,,,image,https://tdjacklin.ca/wp-content/uploads/CollectionBuilder/red_12a.jpg,https://tdjacklin.ca/wp-content/uploads/CollectionBuilder/small/red_12a_sm.jpg,https://tdjacklin.ca/wp-content/uploads/CollectionBuilder/thumbs/red_12a_th.jpg,
red_12b,red_01,Page 10 Top Right of Red Album,,,1884,,,"Basilica Santa Maria Maggiore; Building, Interior","Rome, Italy",41.89773641,12.49864301,"Point Ellice House Museum and Archives, Victoria, BC",,,,,,,image,https://tdjacklin.ca/wp-content/uploads/CollectionBuilder/red_12b.jpg,https://tdjacklin.ca/wp-content/uploads/CollectionBuilder/small/red_12b_sm.jpg,https://tdjacklin.ca/wp-content/uploads/CollectionBuilder/thumbs/red_12b_th.jpg,
red_12c,red_01,Page 10 Bottom of Red Album,,,1884,,"Printed: 921 Roma _____ di S. M. Maggiore
Handwritten: S. Maria Maggiore","Basilica Santa Maria Maggiore; Building, Exterior","Rome, Italy",41.89773641,12.49864301,"Point Ellice House Museum and Archives, Victoria, BC",,,,eng; ita,,,image,https://tdjacklin.ca/wp-content/uploads/CollectionBuilder/red_12c.jpg,https://tdjacklin.ca/wp-content/uploads/CollectionBuilder/small/red_12c_sm.jpg,https://tdjacklin.ca/wp-content/uploads/CollectionBuilder/thumbs/red_12c_th.jpg,
red_13,red_01,Page 11 of Red Album,,,1884,,,,"Rome, Italy",,,"Point Ellice House Museum and Archives, Victoria, BC",,Image;StillImage,image/jpg,,,,image,https://tdjacklin.ca/wp-content/uploads/CollectionBuilder/red_13.jpg,https://tdjacklin.ca/wp-content/uploads/CollectionBuilder/small/red_13_sm.jpg,https://tdjacklin.ca/wp-content/uploads/CollectionBuilder/thumbs/red_13_th.jpg,
red_13a,red_01,Page 11 Top Left of Red Album,,,1884,,St Paul outside the walls,"St. Paul's Outside the Walls; Building, Exterior","Rome, Italy",41.85883362,12.47699264,"Point Ellice House Museum and Archives, Victoria, BC",,,,,,,image,https://tdjacklin.ca/wp-content/uploads/CollectionBuilder/red_13a.jpg,https://tdjacklin.ca/wp-content/uploads/CollectionBuilder/small/red_13a_sm.jpg,https://tdjacklin.ca/wp-content/uploads/CollectionBuilder/thumbs/red_13a_th.jpg,
red_13b,red_01,Page 11 Bottom Left of Red Album,,,1884,,,"St. Paul's Outside the Walls; Building, Interior","Rome, Italy",41.85883362,12.47699264,"Point Ellice House Museum and Archives, Victoria, BC",,,,,,,image,https://tdjacklin.ca/wp-content/uploads/CollectionBuilder/red_13b.jpg,https://tdjacklin.ca/wp-content/uploads/CollectionBuilder/small/red_13b_sm.jpg,https://tdjacklin.ca/wp-content/uploads/CollectionBuilder/thumbs/red_13b_th.jpg,
red_13c,red_01,Page 11 Top Right of Red Album,,,1884,,,"St. Paul's Outside the Walls; Building, Interior; Cloisters","Rome, Italy",41.85883362,12.47699264,"Point Ellice House Museum and Archives, Victoria, BC",,,,,,,image,https://tdjacklin.ca/wp-content/uploads/CollectionBuilder/red_13c.jpg,https://tdjacklin.ca/wp-content/uploads/CollectionBuilder/small/red_13c_sm.jpg,https://tdjacklin.ca/wp-content/uploads/CollectionBuilder/thumbs/red_13c_th.jpg,
red_13d,red_01,Page 11 Bottom Right of Red Album,,,1884,,St Paul's interior,"St. Paul's Outside the Walls; Building, Interior","Rome, Italy",41.85883362,12.47699264,"Point Ellice House Museum and Archives, Victoria, BC",,,,,,,image,https://tdjacklin.ca/wp-content/uploads/CollectionBuilder/red_13d.jpg,https://tdjacklin.ca/wp-content/uploads/CollectionBuilder/small/red_13d_sm.jpg,https://tdjacklin.ca/wp-content/uploads/CollectionBuilder/thumbs/red_13d_th.jpg,
red_14,red_01,Page 12 of Red Album,,,1884,,The Pantheon,"Pantheon; Building, Exterior","Rome, Italy",41.89873056,12.47707674,"Point Ellice House Museum and Archives, Victoria, BC",,Image;StillImage,image/jpg,,,,image,https://tdjacklin.ca/wp-content/uploads/CollectionBuilder/red_14.jpg,https://tdjacklin.ca/wp-content/uploads/CollectionBuilder/small/red_14_sm.jpg,https://tdjacklin.ca/wp-content/uploads/CollectionBuilder/thumbs/red_14_th.jpg,
red_15,red_01,Page 13 of Red Album,,,1884,,,,"Rome, Italy",,,"Point Ellice House Museum and Archives, Victoria, BC",,Image;StillImage,image/jpg,,,,image,https://tdjacklin.ca/wp-content/uploads/CollectionBuilder/red_15.jpg,https://tdjacklin.ca/wp-content/uploads/CollectionBuilder/small/red_15_sm.jpg,https://tdjacklin.ca/wp-content/uploads/CollectionBuilder/thumbs/red_15_th.jpg,
red_15a,red_01,Page 13 Top Left of Red Album,,,1884,,,Le Colonnacce; Forum of Nerva,"Rome, Italy",41.89359859,12.48745626,"Point Ellice House Museum and Archives, Victoria, BC",,,,,,,image,https://tdjacklin.ca/wp-content/uploads/CollectionBuilder/red_15a.jpg,https://tdjacklin.ca/wp-content/uploads/CollectionBuilder/small/red_15a_sm.jpg,https://tdjacklin.ca/wp-content/uploads/CollectionBuilder/thumbs/red_15a_th.jpg,
red_15b,red_01,Page 13 Top Middle of Red Album,,,1884,,,"Basilica di Santa Maria sopra Minerva; Building, Interior","Rome, Italy",41.89773641,12.49864301,"Point Ellice House Museum and Archives, Victoria, BC",,,,,,,image,https://tdjacklin.ca/wp-content/uploads/CollectionBuilder/red_15b.jpg,https://tdjacklin.ca/wp-content/uploads/CollectionBuilder/small/red_15b_sm.jpg,https://tdjacklin.ca/wp-content/uploads/CollectionBuilder/thumbs/red_15b_th.jpg,
red_15c,red_01,Page 13 Top Right of Red Album,,,1884,,,Pyramid of Cestius,"Rome, Italy",41.8767035,12.48100154,"Point Ellice House Museum and Archives, Victoria, BC",,,,,,,image,https://tdjacklin.ca/wp-content/uploads/CollectionBuilder/red_15c.jpg,https://tdjacklin.ca/wp-content/uploads/CollectionBuilder/small/red_15c_sm.jpg,https://tdjacklin.ca/wp-content/uploads/CollectionBuilder/thumbs/red_15c_th.jpg,
red_15d,red_01,Page 13 Bottom of Red Album,,,1884,,,"Mausoleum of Hadrian; Castel Sant'Angelo; Building, Exterior","Rome, Italy",41.9032067,12.46679917,"Point Ellice House Museum and Archives, Victoria, BC",,,,,,,image,https://tdjacklin.ca/wp-content/uploads/CollectionBuilder/red_15d.jpg,https://tdjacklin.ca/wp-content/uploads/CollectionBuilder/small/red_15d_sm.jpg,https://tdjacklin.ca/wp-content/uploads/CollectionBuilder/thumbs/red_15d_th.jpg,
red_16,red_01,Page 14 of Red Album,,,1884,,,,"Rome, Italy",,,"Point Ellice House Museum and Archives, Victoria, BC",,Image;StillImage,image/jpg,,,,image,https://tdjacklin.ca/wp-content/uploads/CollectionBuilder/red_16.jpg,https://tdjacklin.ca/wp-content/uploads/CollectionBuilder/small/red_16_sm.jpg,https://tdjacklin.ca/wp-content/uploads/CollectionBuilder/thumbs/red_16_th.jpg,
red_16a,red_01,Page 14 Top of Red Album,,,1884,,Arch of Constantine,Arch of Constantine; Roman Forum,"Rome, Italy",41.88986711,12.49079308,"Point Ellice House Museum and Archives, Victoria, BC",,,,,,,image,https://tdjacklin.ca/wp-content/uploads/CollectionBuilder/red_16a.jpg,https://tdjacklin.ca/wp-content/uploads/CollectionBuilder/small/red_16a_sm.jpg,https://tdjacklin.ca/wp-content/uploads/CollectionBuilder/thumbs/red_16a_th.jpg,
red_16b,red_01,Page 14 Bottom of Red Album,,,1884,,Arch of Severus,Arch of Severus; Roman Forum,"Rome, Italy",41.89297102,12.48508742,"Point Ellice House Museum and Archives, Victoria, BC",,,,,,,image,https://tdjacklin.ca/wp-content/uploads/CollectionBuilder/red_16b.jpg,https://tdjacklin.ca/wp-content/uploads/CollectionBuilder/small/red_16b_sm.jpg,https://tdjacklin.ca/wp-content/uploads/CollectionBuilder/thumbs/red_16b_th.jpg,
red_17,red_01,Page 15 of Red Album,,,1884,,No 36 Arco di Giano,Arch of Janus,"Rome, Italy",41.88951107,12.48316068,"Point Ellice House Museum and Archives, Victoria, BC",,Image;StillImage,image/jpg,eng; ita,,,image,https://tdjacklin.ca/wp-content/uploads/CollectionBuilder/red_17.jpg,https://tdjacklin.ca/wp-content/uploads/CollectionBuilder/small/red_17_sm.jpg,https://tdjacklin.ca/wp-content/uploads/CollectionBuilder/thumbs/red_17_th.jpg,
red_18,red_01,Page 16 of Red Album,,,1884,,Arch of Titus,Arch of Titus; Roman Forum,"Rome, Italy",41.89086499,12.48896063,"Point Ellice House Museum and Archives, Victoria, BC",,Image;StillImage,image/jpg,,,,image,https://tdjacklin.ca/wp-content/uploads/CollectionBuilder/red_18.jpg,https://tdjacklin.ca/wp-content/uploads/CollectionBuilder/small/red_18_sm.jpg,https://tdjacklin.ca/wp-content/uploads/CollectionBuilder/thumbs/red_18_th.jpg,
red_19,red_01,Page 17 of Red Album,,,1884,,Arch of Constantine,Arch of Constantine; Roman Forum,"Rome, Italy",41.88986711,12.49079308,"Point Ellice House Museum and Archives, Victoria, BC",,Image;StillImage,image/jpg,,,,image,https://tdjacklin.ca/wp-content/uploads/CollectionBuilder/red_19.jpg,https://tdjacklin.ca/wp-content/uploads/CollectionBuilder/small/red_19_sm.jpg,https://tdjacklin.ca/wp-content/uploads/CollectionBuilder/thumbs/red_19_th.jpg,
red_20,red_01,Page 18 of Red Album,,,1884,,,,"Rome, Italy",,,"Point Ellice House Museum and Archives, Victoria, BC",,Image;StillImage,image/jpg,,,,image,https://tdjacklin.ca/wp-content/uploads/CollectionBuilder/red_20.jpg,https://tdjacklin.ca/wp-content/uploads/CollectionBuilder/small/red_20_sm.jpg,https://tdjacklin.ca/wp-content/uploads/CollectionBuilder/thumbs/red_20_th.jpg,
red_20a,red_01,Page 18 Top of Red Album,,,1884,,,Roman Forum,"Rome, Italy",41.89222616,12.48652279,"Point Ellice House Museum and Archives, Victoria, BC",,,,,,,image,https://tdjacklin.ca/wp-content/uploads/CollectionBuilder/red_20a.jpg,https://tdjacklin.ca/wp-content/uploads/CollectionBuilder/small/red_20a_sm.jpg,https://tdjacklin.ca/wp-content/uploads/CollectionBuilder/thumbs/red_20a_th.jpg,
red_20b,red_01,Page 18 Bottom of Red Album,,,1884,,972 Roma Colosseo Interno,Colosseum,"Rome, Italy",41.89025447,12.49221577,"Point Ellice House Museum and Archives, Victoria, BC",,,,eng; ita,,,image,https://tdjacklin.ca/wp-content/uploads/CollectionBuilder/red_20b.jpg,https://tdjacklin.ca/wp-content/uploads/CollectionBuilder/small/red_20b_sm.jpg,https://tdjacklin.ca/wp-content/uploads/CollectionBuilder/thumbs/red_20b_th.jpg,
red_21,red_01,Page 19 of Red Album,,,1884,,Baths of Caracalla,Baths of Caracalla,"Rome, Italy",41.87915001,12.49297584,"Point Ellice House Museum and Archives, Victoria, BC",,Image;StillImage,image/jpg,,,,image,https://tdjacklin.ca/wp-content/uploads/CollectionBuilder/red_21.jpg,https://tdjacklin.ca/wp-content/uploads/CollectionBuilder/small/red_21_sm.jpg,https://tdjacklin.ca/wp-content/uploads/CollectionBuilder/thumbs/red_21_th.jpg,
red_22,red_01,Page 20 of Red Album,,,1884,,Baths of Caracalla,Baths of Caracalla,"Rome, Italy",41.87915001,12.49297584,"Point Ellice House Museum and Archives, Victoria, BC",,Image;StillImage,image/jpg,,,,image,https://tdjacklin.ca/wp-content/uploads/CollectionBuilder/red_22.jpg,https://tdjacklin.ca/wp-content/uploads/CollectionBuilder/small/red_22_sm.jpg,https://tdjacklin.ca/wp-content/uploads/CollectionBuilder/thumbs/red_22_th.jpg,
red_22a,red_01,Page 20 Top of Red Album,,,1884,,,Baths of Caracalla,"Rome, Italy",41.87915001,12.49297584,"Point Ellice House Museum and Archives, Victoria, BC",,,,,,,image,https://tdjacklin.ca/wp-content/uploads/CollectionBuilder/red_22a.jpg,https://tdjacklin.ca/wp-content/uploads/CollectionBuilder/small/red_22a_sm.jpg,https://tdjacklin.ca/wp-content/uploads/CollectionBuilder/thumbs/red_22a_th.jpg,
red_22b,red_01,Page 20 Bottom of Red Album,,,1884,,,Baths of Caracalla,"Rome, Italy",41.87915001,12.49297584,"Point Ellice House Museum and Archives, Victoria, BC",,,,,,,image,https://tdjacklin.ca/wp-content/uploads/CollectionBuilder/red_22b.jpg,https://tdjacklin.ca/wp-content/uploads/CollectionBuilder/small/red_22b_sm.jpg,https://tdjacklin.ca/wp-content/uploads/CollectionBuilder/thumbs/red_22b_th.jpg,
red_23,red_01,Page 21 of Red Album,,,1884,,,Baths of Caracalla,"Rome, Italy",41.87915001,12.49297584,"Point Ellice House Museum and Archives, Victoria, BC",,Image;StillImage,image/jpg,,,,image,https://tdjacklin.ca/wp-content/uploads/CollectionBuilder/red_23.jpg,https://tdjacklin.ca/wp-content/uploads/CollectionBuilder/small/red_23_sm.jpg,https://tdjacklin.ca/wp-content/uploads/CollectionBuilder/thumbs/red_23_th.jpg,
red_24,red_01,Page 22 of Red Album,,,1884,,Roma No 1678 Gladiatorem ____ M. Capatalino,Statue,"Rome, Italy",,,"Point Ellice House Museum and Archives, Victoria, BC",,Image;StillImage,image/jpg,eng; ita,,,image,https://tdjacklin.ca/wp-content/uploads/CollectionBuilder/red_24.jpg,https://tdjacklin.ca/wp-content/uploads/CollectionBuilder/small/red_24_sm.jpg,https://tdjacklin.ca/wp-content/uploads/CollectionBuilder/thumbs/red_24_th.jpg,
red_25,red_01,Page 23 of Red Album,,,1884,,,,"Rome, Italy",,,"Point Ellice House Museum and Archives, Victoria, BC",,Image;StillImage,image/jpg,,,,image,https://tdjacklin.ca/wp-content/uploads/CollectionBuilder/red_25.jpg,https://tdjacklin.ca/wp-content/uploads/CollectionBuilder/small/red_25_sm.jpg,https://tdjacklin.ca/wp-content/uploads/CollectionBuilder/thumbs/red_25_th.jpg,
red_25a,red_01,Page 23 Left of Red Album,,,1884,,Hard to Read,Statue,"Rome, Italy",,,"Point Ellice House Museum and Archives, Victoria, BC",,,,,,,image,https://tdjacklin.ca/wp-content/uploads/CollectionBuilder/red_25a.jpg,https://tdjacklin.ca/wp-content/uploads/CollectionBuilder/small/red_25a_sm.jpg,https://tdjacklin.ca/wp-content/uploads/CollectionBuilder/thumbs/red_25a_th.jpg,
red_25b,red_01,Page 23 Right of Red Album,,,1884,,,Statue,"Rome, Italy",,,"Point Ellice House Museum and Archives, Victoria, BC",,,,,,,image,https://tdjacklin.ca/wp-content/uploads/CollectionBuilder/red_25b.jpg,https://tdjacklin.ca/wp-content/uploads/CollectionBuilder/small/red_25b_sm.jpg,https://tdjacklin.ca/wp-content/uploads/CollectionBuilder/thumbs/red_25b_th.jpg,
red_26,red_01,Page 24 of Red Album,,,1884,,,Statue,"Rome, Italy",,,"Point Ellice House Museum and Archives, Victoria, BC",,Image;StillImage,image/jpg,,,,image,https://tdjacklin.ca/wp-content/uploads/CollectionBuilder/red_26.jpg,https://tdjacklin.ca/wp-content/uploads/CollectionBuilder/small/red_26_sm.jpg,https://tdjacklin.ca/wp-content/uploads/CollectionBuilder/thumbs/red_26_th.jpg,
red_27,red_01,Page 25 of Red Album,,,1884,,,Statue,"Rome, Italy",,,"Point Ellice House Museum and Archives, Victoria, BC",,Image;StillImage,image/jpg,,,,image,https://tdjacklin.ca/wp-content/uploads/CollectionBuilder/red_27.jpg,https://tdjacklin.ca/wp-content/uploads/CollectionBuilder/small/red_27_sm.jpg,https://tdjacklin.ca/wp-content/uploads/CollectionBuilder/thumbs/red_27_th.jpg,
red_28,red_01,Page 26 of Red Album,,,1884,,,,"Rome, Italy",,,"Point Ellice House Museum and Archives, Victoria, BC",,Image;StillImage,image/jpg,,,,image,https://tdjacklin.ca/wp-content/uploads/CollectionBuilder/red_28.jpg,https://tdjacklin.ca/wp-content/uploads/CollectionBuilder/small/red_28_sm.jpg,https://tdjacklin.ca/wp-content/uploads/CollectionBuilder/thumbs/red_28_th.jpg,
red_28a,red_01,Page 26 Left of Red Album,,,1884,,,Statue,"Rome, Italy",,,"Point Ellice House Museum and Archives, Victoria, BC",,,,,,,image,https://tdjacklin.ca/wp-content/uploads/CollectionBuilder/red_28a.jpg,https://tdjacklin.ca/wp-content/uploads/CollectionBuilder/small/red_28a_sm.jpg,https://tdjacklin.ca/wp-content/uploads/CollectionBuilder/thumbs/red_28a_th.jpg,
red_28b,red_01,Page 26 Right of Red Album,,,1884,,,Statue,"Rome, Italy",,,"Point Ellice House Museum and Archives, Victoria, BC",,,,,,,image,https://tdjacklin.ca/wp-content/uploads/CollectionBuilder/red_28b.jpg,https://tdjacklin.ca/wp-content/uploads/CollectionBuilder/small/red_28b_sm.jpg,https://tdjacklin.ca/wp-content/uploads/CollectionBuilder/thumbs/red_28b_th.jpg,
red_29,red_01,Page 27 of Red Album,,,1884,,,,"Rome, Italy",,,"Point Ellice House Museum and Archives, Victoria, BC",,Image;StillImage,image/jpg,,,,image,https://tdjacklin.ca/wp-content/uploads/CollectionBuilder/red_29.jpg,https://tdjacklin.ca/wp-content/uploads/CollectionBuilder/small/red_29_sm.jpg,https://tdjacklin.ca/wp-content/uploads/CollectionBuilder/thumbs/red_29_th.jpg,
red_29a,red_01,Page 27 Top Left of Red Album,,,1884,,,Statue,"Rome, Italy",,,"Point Ellice House Museum and Archives, Victoria, BC",,,,,,,image,https://tdjacklin.ca/wp-content/uploads/CollectionBuilder/red_29a.jpg,https://tdjacklin.ca/wp-content/uploads/CollectionBuilder/small/red_29a_sm.jpg,https://tdjacklin.ca/wp-content/uploads/CollectionBuilder/thumbs/red_29a_th.jpg,
red_29b,red_01,Page 27 Bottom Left of Red Album,,,1884,,,Statue,"Rome, Italy",,,"Point Ellice House Museum and Archives, Victoria, BC",,,,,,,image,https://tdjacklin.ca/wp-content/uploads/CollectionBuilder/red_29b.jpg,https://tdjacklin.ca/wp-content/uploads/CollectionBuilder/small/red_29b_sm.jpg,https://tdjacklin.ca/wp-content/uploads/CollectionBuilder/thumbs/red_29b_th.jpg,
red_29c,red_01,Page 27 Middle of Red Album,,,1884,,,Statue,"Rome, Italy",,,"Point Ellice House Museum and Archives, Victoria, BC",,,,,,,image,https://tdjacklin.ca/wp-content/uploads/CollectionBuilder/red_29c.jpg,https://tdjacklin.ca/wp-content/uploads/CollectionBuilder/small/red_29c_sm.jpg,https://tdjacklin.ca/wp-content/uploads/CollectionBuilder/thumbs/red_29c_th.jpg,
red_29d,red_01,Page 27 Top Right of Red Album,,,1884,,,Statue,"Rome, Italy",,,"Point Ellice House Museum and Archives, Victoria, BC",,,,,,,image,https://tdjacklin.ca/wp-content/uploads/CollectionBuilder/red_29d.jpg,https://tdjacklin.ca/wp-content/uploads/CollectionBuilder/small/red_29d_sm.jpg,https://tdjacklin.ca/wp-content/uploads/CollectionBuilder/thumbs/red_29d_th.jpg,
red_29e,red_01,Page 27 Bottom Right of Red Album,,,1884,,,Statue,"Rome, Italy",,,"Point Ellice House Museum and Archives, Victoria, BC",,,,,,,image,https://tdjacklin.ca/wp-content/uploads/CollectionBuilder/red_29e.jpg,https://tdjacklin.ca/wp-content/uploads/CollectionBuilder/small/red_29e_sm.jpg,https://tdjacklin.ca/wp-content/uploads/CollectionBuilder/thumbs/red_29e_th.jpg,
red_30,red_01,Page 28 of Red Album,,,1884,,,Statue,"Rome, Italy",,,"Point Ellice House Museum and Archives, Victoria, BC",,Image;StillImage,image/jpg,,,,image,https://tdjacklin.ca/wp-content/uploads/CollectionBuilder/red_30.jpg,https://tdjacklin.ca/wp-content/uploads/CollectionBuilder/small/red_30_sm.jpg,https://tdjacklin.ca/wp-content/uploads/CollectionBuilder/thumbs/red_30_th.jpg,
red_31,red_01,Page 29 of Red Album,,,1884,,,Statue,"Rome, Italy",,,"Point Ellice House Museum and Archives, Victoria, BC",,Image;StillImage,image/jpg,,,,image,https://tdjacklin.ca/wp-content/uploads/CollectionBuilder/red_31.jpg,https://tdjacklin.ca/wp-content/uploads/CollectionBuilder/small/red_31_sm.jpg,https://tdjacklin.ca/wp-content/uploads/CollectionBuilder/thumbs/red_31_th.jpg,
red_32,red_01,Page 30 of Red Album,,,1884,,,,"Rome, Italy",,,"Point Ellice House Museum and Archives, Victoria, BC",,Image;StillImage,image/jpg,,,,image,https://tdjacklin.ca/wp-content/uploads/CollectionBuilder/red_32.jpg,https://tdjacklin.ca/wp-content/uploads/CollectionBuilder/small/red_32_sm.jpg,https://tdjacklin.ca/wp-content/uploads/CollectionBuilder/thumbs/red_32_th.jpg,
red_32a,red_01,Page 30 Top Left of Red Album,,,1884,,,Statue,"Rome, Italy",,,"Point Ellice House Museum and Archives, Victoria, BC",,,,,,,image,https://tdjacklin.ca/wp-content/uploads/CollectionBuilder/red_32a.jpg,https://tdjacklin.ca/wp-content/uploads/CollectionBuilder/small/red_32a_sm.jpg,https://tdjacklin.ca/wp-content/uploads/CollectionBuilder/thumbs/red_32a_th.jpg,
red_32b,red_01,Page 30 Top Middle of Red Album,,,1884,,,Statue,"Rome, Italy",,,"Point Ellice House Museum and Archives, Victoria, BC",,,,,,,image,https://tdjacklin.ca/wp-content/uploads/CollectionBuilder/red_32b.jpg,https://tdjacklin.ca/wp-content/uploads/CollectionBuilder/small/red_32b_sm.jpg,https://tdjacklin.ca/wp-content/uploads/CollectionBuilder/thumbs/red_32b_th.jpg,
red_32c,red_01,Page 30 Top Right of Red Album,,,1884,,,Statue,"Rome, Italy",,,"Point Ellice House Museum and Archives, Victoria, BC",,,,,,,image,https://tdjacklin.ca/wp-content/uploads/CollectionBuilder/red_32c.jpg,https://tdjacklin.ca/wp-content/uploads/CollectionBuilder/small/red_32c_sm.jpg,https://tdjacklin.ca/wp-content/uploads/CollectionBuilder/thumbs/red_32c_th.jpg,
red_32d,red_01,Page 30 Middle  of Red Album,,,1884,,,"Gallery of Statues; Vatican Museums; Pio Clementino Museum; Building, Interior","Rome, Italy",41.90539622,12.45530316,"Point Ellice House Museum and Archives, Victoria, BC",,,,,,,image,https://tdjacklin.ca/wp-content/uploads/CollectionBuilder/red_32d.jpg,https://tdjacklin.ca/wp-content/uploads/CollectionBuilder/small/red_32d_sm.jpg,https://tdjacklin.ca/wp-content/uploads/CollectionBuilder/thumbs/red_32d_th.jpg,
red_32e,red_01,Page 30 Bottom Left of Red Album,,,1884,,,Statue,"Rome, Italy",,,"Point Ellice House Museum and Archives, Victoria, BC",,,,,,,image,https://tdjacklin.ca/wp-content/uploads/CollectionBuilder/red_32e.jpg,https://tdjacklin.ca/wp-content/uploads/CollectionBuilder/small/red_32e_sm.jpg,https://tdjacklin.ca/wp-content/uploads/CollectionBuilder/thumbs/red_32e_th.jpg,
red_32f,red_01,Page 30 Bottom Middle of Red Album,,,1884,,,"Hall of the Muses; Vatican Museums; Pio Clementino Museum; Building, Interior","Rome, Italy",41.90539622,12.45530316,"Point Ellice House Museum and Archives, Victoria, BC",,,,,,,image,https://tdjacklin.ca/wp-content/uploads/CollectionBuilder/red_32f.jpg,https://tdjacklin.ca/wp-content/uploads/CollectionBuilder/small/red_32f_sm.jpg,https://tdjacklin.ca/wp-content/uploads/CollectionBuilder/thumbs/red_32f_th.jpg,
red_32g,red_01,Page 30 Bottom Right of Red Album,,,1884,,,Statue,"Rome, Italy",,,"Point Ellice House Museum and Archives, Victoria, BC",,,,,,,image,https://tdjacklin.ca/wp-content/uploads/CollectionBuilder/red_32g.jpg,https://tdjacklin.ca/wp-content/uploads/CollectionBuilder/small/red_32g_sm.jpg,https://tdjacklin.ca/wp-content/uploads/CollectionBuilder/thumbs/red_32g_th.jpg,
red_33,red_01,Page 31 of Red Album,,,1884,,19792 p^1 1^_ - No  ROMA - CHIESA DI S PIETRO IN VINCULIS IG MOSE (MICHELANGIOLO),Statue,"Rome, Italy",,,"Point Ellice House Museum and Archives, Victoria, BC",,,,eng; ita,,,image,https://tdjacklin.ca/wp-content/uploads/CollectionBuilder/red_33.jpg,https://tdjacklin.ca/wp-content/uploads/CollectionBuilder/small/red_33_sm.jpg,https://tdjacklin.ca/wp-content/uploads/CollectionBuilder/thumbs/red_33_th.jpg,
red_34,red_01,Page 32 of Red Album,,,1884,,N. 886A Roma Monumento di Clemente XII di Canova ________ S. Pietro),Statue,"Rome, Italy",,,"Point Ellice House Museum and Archives, Victoria, BC",,,,eng; ita,,,image,https://tdjacklin.ca/wp-content/uploads/CollectionBuilder/red_34.jpg,https://tdjacklin.ca/wp-content/uploads/CollectionBuilder/small/red_34_sm.jpg,https://tdjacklin.ca/wp-content/uploads/CollectionBuilder/thumbs/red_34_th.jpg,
red_35,red_01,Page 33 of Red Album,,,1884,,Unreadable,Statue,"Rome, Italy",,,"Point Ellice House Museum and Archives, Victoria, BC",,,,,,,image,https://tdjacklin.ca/wp-content/uploads/CollectionBuilder/red_35.jpg,https://tdjacklin.ca/wp-content/uploads/CollectionBuilder/small/red_35_sm.jpg,https://tdjacklin.ca/wp-content/uploads/CollectionBuilder/thumbs/red_35_th.jpg,
red_36,red_01,Page 34 of Red Album,Ed. Alinari,,1884,,P.I.N. 6618 ROMA Museo Vaticano _____ unreadable,Statue,"Rome, Italy",,,"Point Ellice House Museum and Archives, Victoria, BC",,,,eng; ita,,,image,https://tdjacklin.ca/wp-content/uploads/CollectionBuilder/red_36.jpg,https://tdjacklin.ca/wp-content/uploads/CollectionBuilder/small/red_36_sm.jpg,https://tdjacklin.ca/wp-content/uploads/CollectionBuilder/thumbs/red_36_th.jpg,
barcelona_01,,Barcelona 1,A. Esplagas,,Pre 1920,"The Lonja de la Seda or Llotja de la Seda (English ""Silk Exchange"")",,"Lonja de la Seda; Building, Exterior","Valencia, Spain",39.47451818,-0.3779007508,"Point Ellice House Museum and Archives, Victoria, BC",975.1.8214,Image;StillImage,image/jpg,,,,image,https://tdjacklin.ca/wp-content/uploads/CollectionBuilder/barcelona_01.jpg,https://tdjacklin.ca/wp-content/uploads/CollectionBuilder/small/barcelona_01_sm.jpg,https://tdjacklin.ca/wp-content/uploads/CollectionBuilder/thumbs/barcelona_01_th.jpg,
barcelona_02,,Barcelona 2,Centro Fotografico,,,Cathedral of the Holy Cross and Saint Eulalia,"Back handwritte: Coro y Altar Mayor, Barcelona","Barcelona Cathedral; Building, Interior","Barcelona, Spain",41.38406662,2.176735538,"Point Ellice House Museum and Archives, Victoria, BC",975.1.8365,Image;StillImage,image/jpg,,,,image,https://tdjacklin.ca/wp-content/uploads/CollectionBuilder/barcelona_02.jpg,https://tdjacklin.ca/wp-content/uploads/CollectionBuilder/small/barcelona_02_sm.jpg,https://tdjacklin.ca/wp-content/uploads/CollectionBuilder/thumbs/barcelona_02_th.jpg,
barcelona_03,,Barcelona 3,Centro Fotografico,,,,"No 809 BARCELONA - (Catedral, interior) 
Es propiedad","Barcelona Cathedral; Building, Interior","Barcelona, Spain",41.38406662,2.176735538,"Point Ellice House Museum and Archives, Victoria, BC",975.1.8364,Image;StillImage,image/jpg,,,,image,https://tdjacklin.ca/wp-content/uploads/CollectionBuilder/barcelona_03.jpg,https://tdjacklin.ca/wp-content/uploads/CollectionBuilder/small/barcelona_03_sm.jpg,https://tdjacklin.ca/wp-content/uploads/CollectionBuilder/thumbs/barcelona_03_th.jpg,
barcelona_04,,Barcelona 4,Centro Fotografico,,,,"No 804 Barcelona. (LAGO) PARQUE
Stamp: Centro Fotografico; Plaza del Teatro No.1 Esquina a la de Escudillers, Barcelona","Scenery, Nature; Ciutadella Park","Barcelona, Spain",41.38862205,2.184684824,"Point Ellice House Museum and Archives, Victoria, BC",,Image;StillImage,image/jpg,,,,image,https://tdjacklin.ca/wp-content/uploads/CollectionBuilder/barcelona_04.jpg,https://tdjacklin.ca/wp-content/uploads/CollectionBuilder/small/barcelona_04_sm.jpg,https://tdjacklin.ca/wp-content/uploads/CollectionBuilder/thumbs/barcelona_04_th.jpg,
firenze_01,,Florence 1,,,,Viale dei Colli is an approximately 6 km long panoramic road that stretches from the Porta Romana to the Ponte San Niccolò and was designed and realized by Giuseppe Poggi in the short period that Florence was the capital of Italy (1865-1871).,351 - Firenze - Panorama dal Viale dei Colli,"Viale dei Colli; Panorama;         
Piazzale Michelangelo ","Florence, Italy",43.7630476,11.26531359,"Point Ellice House Museum and Archives, Victoria, BC",975.1.8371,Image;StillImage,image/jpg,eng; ita,,,image,https://tdjacklin.ca/wp-content/uploads/CollectionBuilder/firenze_01.jpg,https://tdjacklin.ca/wp-content/uploads/CollectionBuilder/small/firenze_01_sm.jpg,https://tdjacklin.ca/wp-content/uploads/CollectionBuilder/thumbs/firenze_01_th.jpg,
firenze_02,,Florence 2,,,,,695 - Firenze Cortile del Palazzo Vecchio,"Building, Interior; Palazzo Vecchio","Florence, Italy",43.76942126,11.25635474,"Point Ellice House Museum and Archives, Victoria, BC",975.1.8367,Image;StillImage,image/jpg,eng; ita,,,image,https://tdjacklin.ca/wp-content/uploads/CollectionBuilder/firenze_02.jpg,https://tdjacklin.ca/wp-content/uploads/CollectionBuilder/small/firenze_02_sm.jpg,https://tdjacklin.ca/wp-content/uploads/CollectionBuilder/thumbs/firenze_02_th.jpg,
firenze_03,,Florence 3,,,,"Boboli Gardens Amphitheatre, viewed from the Palazzo Pitti",674 - Firenze - Giardino Boboli - Anfitheatro,Boboli Gardens Amphitheatre; Palazzo Pitti,"Florence, Italy",43.76533148,11.25049089,"Point Ellice House Museum and Archives, Victoria, BC",975.1.8349?,Image;StillImage,image/jpg,eng; ita,,,image,https://tdjacklin.ca/wp-content/uploads/CollectionBuilder/firenze_03.jpg,https://tdjacklin.ca/wp-content/uploads/CollectionBuilder/small/firenze_03_sm.jpg,https://tdjacklin.ca/wp-content/uploads/CollectionBuilder/thumbs/firenze_03_th.jpg,
firenze_04,,Florence 4,,,,"The Convent of San Domenico is a Dominican convent in Fiesole, Italy, situated between the hill of Fiesole and the suburbs of Florence.",823 Firenze. (Contouni) Fiesole da S. Domenico,"Convent of San Domenico; Building, Exterior","Florence, Italy",43.80359309,11.29076315,"Point Ellice House Museum and Archives, Victoria, BC",975.1.8368,Image;StillImage,image/jpg,eng; ita,,,image,https://tdjacklin.ca/wp-content/uploads/CollectionBuilder/firenze_04.jpg,https://tdjacklin.ca/wp-content/uploads/CollectionBuilder/small/firenze_04_sm.jpg,https://tdjacklin.ca/wp-content/uploads/CollectionBuilder/thumbs/firenze_04_th.jpg,
firenze_05,,Florence 5,,,,,824 FIRENZE (CERTOSA) PANORAMA,Florence Charterhouse,"Florence, Italy",43.73099893,11.22212833,"Point Ellice House Museum and Archives, Victoria, BC",975.1.6263,Image;StillImage,image/jpg,eng; ita,,,image,https://tdjacklin.ca/wp-content/uploads/CollectionBuilder/firenze_05.jpg,https://tdjacklin.ca/wp-content/uploads/CollectionBuilder/small/firenze_05_sm.jpg,https://tdjacklin.ca/wp-content/uploads/CollectionBuilder/thumbs/firenze_05_th.jpg,
firenze_06,,Florence 6,,,,,679^(bis) - Firenze Contorni - Certosa - Pozzo con frati,Florence Charterhouse,"Florence, Italy",43.73099893,11.22212833,"Point Ellice House Museum and Archives, Victoria, BC",975.1.6262,Image;StillImage,image/jpg,eng; ita,,,image,https://tdjacklin.ca/wp-content/uploads/CollectionBuilder/firenze_06.jpg,https://tdjacklin.ca/wp-content/uploads/CollectionBuilder/small/firenze_06_sm.jpg,https://tdjacklin.ca/wp-content/uploads/CollectionBuilder/thumbs/firenze_06_th.jpg,
firenze_07,,Florence 7,,,,,Firenze - Piazze della Signoria,"Piazza della Signoria; Palazzo Vecchio; Building, Exterior","Florence, Italy",43.76942126,11.25635474,"Point Ellice House Museum and Archives, Victoria, BC",975.1.6261,Image;StillImage,image/jpg,eng; ita,,,image,https://tdjacklin.ca/wp-content/uploads/CollectionBuilder/firenze_07.jpg,https://tdjacklin.ca/wp-content/uploads/CollectionBuilder/small/firenze_07_sm.jpg,https://tdjacklin.ca/wp-content/uploads/CollectionBuilder/thumbs/firenze_07_th.jpg,
firenze_08,,Florence 8,,,,,372. Firenze - S. Croce,"Basilica of Santa Croce; Building, Exterior","Florence, Italy",43.76859958,11.26238147,"Point Ellice House Museum and Archives, Victoria, BC",975.1.6260,Image;StillImage,image/jpg,eng; ita,,,image,https://tdjacklin.ca/wp-content/uploads/CollectionBuilder/firenze_08.jpg,https://tdjacklin.ca/wp-content/uploads/CollectionBuilder/small/firenze_08_sm.jpg,https://tdjacklin.ca/wp-content/uploads/CollectionBuilder/thumbs/firenze_08_th.jpg,
firenze_09,,Florence 9,,,,,393. Firenze - Panorama dei Ponti,"Scenery, City; Ponte Vecchio","Florence, Italy",43.76802562,11.25334732,"Point Ellice House Museum and Archives, Victoria, BC",975.1.6259,Image;StillImage,image/jpg,eng; ita,,,image,https://tdjacklin.ca/wp-content/uploads/CollectionBuilder/firenze_09.jpg,https://tdjacklin.ca/wp-content/uploads/CollectionBuilder/small/firenze_09_sm.jpg,https://tdjacklin.ca/wp-content/uploads/CollectionBuilder/thumbs/firenze_09_th.jpg,
firenze_10,,Florence 10,,,,,776? Firenze - Panorama I Piazza Michiangelo,Piazza Michiangelo; Panorama,"Florence, Italy",43.7630476,11.26531359,"Point Ellice House Museum and Archives, Victoria, BC",975.1.6258,Image;StillImage,image/jpg,eng; ita,,,image,https://tdjacklin.ca/wp-content/uploads/CollectionBuilder/firenze_10.jpg,https://tdjacklin.ca/wp-content/uploads/CollectionBuilder/small/firenze_10_sm.jpg,https://tdjacklin.ca/wp-content/uploads/CollectionBuilder/thumbs/firenze_10_th.jpg,
firenze_11,,Florence 11,,,Post 1890,,905. Firenze Monumento a G Garibaldi,Monument; Statue,"Florence, Italy",43.773877,11.24102154,"Point Ellice House Museum and Archives, Victoria, BC",975.1.6265,Image;StillImage,image/jpg,eng; ita,,,image,https://tdjacklin.ca/wp-content/uploads/CollectionBuilder/firenze_11.jpg,https://tdjacklin.ca/wp-content/uploads/CollectionBuilder/small/firenze_11_sm.jpg,https://tdjacklin.ca/wp-content/uploads/CollectionBuilder/thumbs/firenze_11_th.jpg,
genova_01,,Genoa,Brogi; Gaetano Pedo,,,,3560. Genova - Panorama del Porto,Panorama,"Genoa, Italy",44.40406367,8.925937643,"Point Ellice House Museum and Archives, Victoria, BC",975.1.6264,Image;StillImage,image/jpg,eng; ita,,,image,https://tdjacklin.ca/wp-content/uploads/CollectionBuilder/genova_01.jpg,https://tdjacklin.ca/wp-content/uploads/CollectionBuilder/small/genova_01_sm.jpg,https://tdjacklin.ca/wp-content/uploads/CollectionBuilder/thumbs/genova_01_th.jpg,
milano_01,,Milan,,,,,"601, Milano, il Duomo","Milan Cathedral; Building, Exterior","Milan, Italy",45.46419532,9.192259068,"Point Ellice House Museum and Archives, Victoria, BC",Unreadable,Image;StillImage,image/jpg,eng; ita,,,image,https://tdjacklin.ca/wp-content/uploads/CollectionBuilder/milano_01.jpg,https://tdjacklin.ca/wp-content/uploads/CollectionBuilder/small/milano_01_sm.jpg,https://tdjacklin.ca/wp-content/uploads/CollectionBuilder/thumbs/milano_01_th.jpg,
misc_01,,Montreux,Garcin,,Post 1883,,no 252 CHEMIN DE FER DE TERRITTET-GLION,Territet–Glion funicular railway,"Montreux, Switzerland",46.42692552,6.923673267,"Point Ellice House Museum and Archives, Victoria, BC",975.1.8046,Image;StillImage,image/jpg,,,,image,https://tdjacklin.ca/wp-content/uploads/CollectionBuilder/misc_01.jpg,https://tdjacklin.ca/wp-content/uploads/CollectionBuilder/small/misc_01_sm.jpg,https://tdjacklin.ca/wp-content/uploads/CollectionBuilder/thumbs/misc_01_th.jpg,
misc_02,,Berlin 1,Sophas Williams,1889,,,Phot. a. Veri. v. Sophas Williams. Berlin. 1889,Bergpark Wilhelmshöhe ,"Kassel, Germany",51.31680437,9.404848873,"Point Ellice House Museum and Archives, Victoria, BC",975.1.8065,Image;StillImage,image/jpg,,,,image,https://tdjacklin.ca/wp-content/uploads/CollectionBuilder/misc_02.jpg,https://tdjacklin.ca/wp-content/uploads/CollectionBuilder/small/misc_02_sm.jpg,https://tdjacklin.ca/wp-content/uploads/CollectionBuilder/thumbs/misc_02_th.jpg,
misc_03,,Berlin 2,Sophas Williams,1888,,,Phot. a. Veri. v. Sophas Williams. Berlin. 1888,Bergpark Wilhelmshöhe ,"Kassel, Germany",51.31680437,9.404848873,"Point Ellice House Museum and Archives, Victoria, BC",975.1.8064,Image;StillImage,image/jpg,,,,image,https://tdjacklin.ca/wp-content/uploads/CollectionBuilder/misc_03.jpg,https://tdjacklin.ca/wp-content/uploads/CollectionBuilder/small/misc_03_sm.jpg,https://tdjacklin.ca/wp-content/uploads/CollectionBuilder/thumbs/misc_03_th.jpg,
misc_04,,Berlin 3,Sophas Williams,1888,,,Phot. a. Veri. v. Sophas Williams. Berlin. 1888,"Bergpark Wilhelmshöhe; Scenery, Nature ","Kassel, Germany",51.31680437,9.404848873,"Point Ellice House Museum and Archives, Victoria, BC",975.1.8063,Image;StillImage,image/jpg,,,,image,https://tdjacklin.ca/wp-content/uploads/CollectionBuilder/misc_04.jpg,https://tdjacklin.ca/wp-content/uploads/CollectionBuilder/small/misc_04_sm.jpg,https://tdjacklin.ca/wp-content/uploads/CollectionBuilder/thumbs/misc_04_th.jpg,
misc_05,,Berlin 4,Sophas Williams,1889,,https://www.rct.uk/collection/2700572/auetor-kassel,Phot. a. Veri. v. Sophas Williams. Berlin. 1889,Krieger Monument,"Kassel, Germany",,,"Point Ellice House Museum and Archives, Victoria, BC",975.1.8066,Image;StillImage,image/jpg,,,,image,https://tdjacklin.ca/wp-content/uploads/CollectionBuilder/misc_05.jpg,https://tdjacklin.ca/wp-content/uploads/CollectionBuilder/small/misc_05_sm.jpg,https://tdjacklin.ca/wp-content/uploads/CollectionBuilder/thumbs/misc_05_th.jpg,
misc_06,,Berlin 5,Sophas Williams,1888,,,"Phot. a. Veri. v. Sophas Williams. Berlin, 1888",Löwenburg Castle,"Kassel, Germany",51.31128759,9.409081931,"Point Ellice House Museum and Archives, Victoria, BC",975.1.8062,Image;StillImage,image/jpg,,,,image,https://tdjacklin.ca/wp-content/uploads/CollectionBuilder/misc_06.jpg,https://tdjacklin.ca/wp-content/uploads/CollectionBuilder/small/misc_06_sm.jpg,https://tdjacklin.ca/wp-content/uploads/CollectionBuilder/thumbs/misc_06_th.jpg,
montecarlo_01,,Monte Carlo 1,,,,,"Monte Carlo, Les Jardins","Casino Gardens and Terraces; Scenery, Nature","Monte Carlo, Monaco",43.74004516,7.426066816,"Point Ellice House Museum and Archives, Victoria, BC",975.1.8392,Image;StillImage,image/jpg,,,,image,https://tdjacklin.ca/wp-content/uploads/CollectionBuilder/montecarlo_01.jpg,https://tdjacklin.ca/wp-content/uploads/CollectionBuilder/small/montecarlo_01_sm.jpg,https://tdjacklin.ca/wp-content/uploads/CollectionBuilder/thumbs/montecarlo_01_th.jpg,
montecarlo_02,,Monte Carlo 2,G. J. Phot,,,,996? MONTE CARLO NOUVELLE SALLE DE JEU,"Monte Carlo Casino; Building, Interior","Monte Carlo, Monaco",43.73919128,7.42868315,"Point Ellice House Museum and Archives, Victoria, BC",975.1.8393,Image;StillImage,image/jpg,,,,image,https://tdjacklin.ca/wp-content/uploads/CollectionBuilder/montecarlo_02.jpg,https://tdjacklin.ca/wp-content/uploads/CollectionBuilder/small/montecarlo_02_sm.jpg,https://tdjacklin.ca/wp-content/uploads/CollectionBuilder/thumbs/montecarlo_02_th.jpg,
montecarlo_03,,Monte Carlo 3,G. J. Phot,,,,,"Casino Gardens and Terraces; Scenery, Nature","Monte Carlo, Monaco",43.74004516,7.426066816,"Point Ellice House Museum and Archives, Victoria, BC",975.1.8395,Image;StillImage,image/jpg,,,,image,https://tdjacklin.ca/wp-content/uploads/CollectionBuilder/montecarlo_03.jpg,https://tdjacklin.ca/wp-content/uploads/CollectionBuilder/small/montecarlo_03_sm.jpg,https://tdjacklin.ca/wp-content/uploads/CollectionBuilder/thumbs/montecarlo_03_th.jpg,
montecarlo_04,,Monte Carlo 4,,,,,B Monte. Carlo. Salle ____ Salles de Jeu No 541,"Monte Carlo Casino; Building, Interior","Monte Carlo, Monaco",43.73919128,7.42868315,"Point Ellice House Museum and Archives, Victoria, BC",975.1.8396,Image;StillImage,image/jpg,,,,image,https://tdjacklin.ca/wp-content/uploads/CollectionBuilder/montecarlo_04.jpg,https://tdjacklin.ca/wp-content/uploads/CollectionBuilder/small/montecarlo_04_sm.jpg,https://tdjacklin.ca/wp-content/uploads/CollectionBuilder/thumbs/montecarlo_04_th.jpg,
montecarlo_05,,Monte Carlo 5,G. J. Phot,,,,910 MONTE CARLO LE CASINO ET JARDINS,"Casino Gardens and Terraces; Scenery, Nature; Monte Carlo Casino; Building, Exterior","Monte Carlo, Monaco",43.74004516,7.426066816,"Point Ellice House Museum and Archives, Victoria, BC",975.1.8394,Image;StillImage,image/jpg,,,,image,https://tdjacklin.ca/wp-content/uploads/CollectionBuilder/montecarlo_05.jpg,https://tdjacklin.ca/wp-content/uploads/CollectionBuilder/small/montecarlo_05_sm.jpg,https://tdjacklin.ca/wp-content/uploads/CollectionBuilder/thumbs/montecarlo_05_th.jpg,
nice_01,,Nice 1,G. J. Phot,,,,463 NICE - PROMENADE DES ANGLAIS,"Scenery, Nature; Promenade des Anglais","Nice, Italy",43.69514783,7.268216934,"Point Ellice House Museum and Archives, Victoria, BC",975.1.8386,Image;StillImage,image/jpg,eng; ita,,,image,https://tdjacklin.ca/wp-content/uploads/CollectionBuilder/nice_01.jpg,https://tdjacklin.ca/wp-content/uploads/CollectionBuilder/small/nice_01_sm.jpg,https://tdjacklin.ca/wp-content/uploads/CollectionBuilder/thumbs/nice_01_th.jpg,
nice_02,,Nice 2,G. J. Phot,,,,787 NICE LES BLANCHISSEUSES,"Paillon River; People; Scenery, Nature","Nice, Italy",43.72533671,7.288474522,"Point Ellice House Museum and Archives, Victoria, BC",975.1.6267,Image;StillImage,image/jpg,eng; ita,,,image,https://tdjacklin.ca/wp-content/uploads/CollectionBuilder/nice_02.jpg,https://tdjacklin.ca/wp-content/uploads/CollectionBuilder/small/nice_02_sm.jpg,https://tdjacklin.ca/wp-content/uploads/CollectionBuilder/thumbs/nice_02_th.jpg,
nice_03,,Nice 3,G. J. Phot,,,,319 NICE - VUE GENERALE PRISE DU MONT BORON,Panorama,"Nice, Italy",43.69831926,7.299363067,"Point Ellice House Museum and Archives, Victoria, BC",975.1.6266,Image;StillImage,image/jpg,eng; ita,,,image,https://tdjacklin.ca/wp-content/uploads/CollectionBuilder/nice_03.jpg,https://tdjacklin.ca/wp-content/uploads/CollectionBuilder/small/nice_03_sm.jpg,https://tdjacklin.ca/wp-content/uploads/CollectionBuilder/thumbs/nice_03_th.jpg,
nice_04,,Nice 4,G. J. Phot,,,,335 NICE LA JETEE PROMENADE ENTRE LES PALMIERS,"Scenery, Nature; Promenade des Anglais","Nice, Italy",43.69514783,7.268216934,"Point Ellice House Museum and Archives, Victoria, BC",975.1.8388,Image;StillImage,image/jpg,eng; ita,,,image,https://tdjacklin.ca/wp-content/uploads/CollectionBuilder/nice_04.jpg,https://tdjacklin.ca/wp-content/uploads/CollectionBuilder/small/nice_04_sm.jpg,https://tdjacklin.ca/wp-content/uploads/CollectionBuilder/thumbs/nice_04_th.jpg,
nice_05,,Nice 5,G. J. Phot,,,,7034. NICE. ESCALIER LESAGE,Castle Hill,"Nice, Italy",43.69477204,7.280798204,"Point Ellice House Museum and Archives, Victoria, BC",975.1.8387,Image;StillImage,image/jpg,eng; ita,,,image,https://tdjacklin.ca/wp-content/uploads/CollectionBuilder/nice_05.jpg,https://tdjacklin.ca/wp-content/uploads/CollectionBuilder/small/nice_05_sm.jpg,https://tdjacklin.ca/wp-content/uploads/CollectionBuilder/thumbs/nice_05_th.jpg,
photogram_01,,Nuremburg 1,,,,Kasemattentor and the Tratzenzwinger,18542. P.Z. - Nürnberg EINFLUSS DER PEGNITZ IN DIE STADT,"City Walls of Nuremburg; Pegnitz River; Scenery, City","Nuremburg, Germany",49.45295529,11.08654669,"Point Ellice House Museum and Archives, Victoria, BC",975.1.6723,Image;StillImage,image/jpg,,,,image,https://tdjacklin.ca/wp-content/uploads/CollectionBuilder/photogram_01.jpg,https://tdjacklin.ca/wp-content/uploads/CollectionBuilder/small/photogram_01_sm.jpg,https://tdjacklin.ca/wp-content/uploads/CollectionBuilder/thumbs/photogram_01_th.jpg,
photogram_02,,Nuremburg 2,,,,,9690. P.Z. - NURNBERG PARTIK AN DER PERGNITZ,"Pegnitz River; Scenery, City","Nuremburg, Germany",49.45271896,11.07855681,"Point Ellice House Museum and Archives, Victoria, BC",975.1.6722,Image;StillImage,image/jpg,,,,image,https://tdjacklin.ca/wp-content/uploads/CollectionBuilder/photogram_02.jpg,https://tdjacklin.ca/wp-content/uploads/CollectionBuilder/small/photogram_02_sm.jpg,https://tdjacklin.ca/wp-content/uploads/CollectionBuilder/thumbs/photogram_02_th.jpg,
photogram_03,,Nuremburg 3,,,ca. 1890-1906,,9675. P.Z. NURNBERG SPITTLERTHOR,City Walls of Nuremburg; Hospital Gate Tower,"Nuremburg, Germany",49.4485819,11.06697435,"Point Ellice House Museum and Archives, Victoria, BC",975.1.6721,Image;StillImage,image/jpg,,,,image,https://tdjacklin.ca/wp-content/uploads/CollectionBuilder/photogram_03.jpg,https://tdjacklin.ca/wp-content/uploads/CollectionBuilder/small/photogram_03_sm.jpg,https://tdjacklin.ca/wp-content/uploads/CollectionBuilder/thumbs/photogram_03_th.jpg,
photogram_04,,Lake Geneva,,,,,1393. P.Z. - BARQUE ET DENT DU MIDI,"Lac Léman; Lake Geneva; Scenery, Nature","Lake Geneva, Switzerland",47.02282921,8.370374558,"Point Ellice House Museum and Archives, Victoria, BC",975.1.6252,Image;StillImage,image/jpg,,,,image,https://tdjacklin.ca/wp-content/uploads/CollectionBuilder/photogram_04.jpg,https://tdjacklin.ca/wp-content/uploads/CollectionBuilder/small/photogram_04_sm.jpg,https://tdjacklin.ca/wp-content/uploads/CollectionBuilder/thumbs/photogram_04_th.jpg,
photogram_05,,Lake Lucerne,,,,,1381. P.Z. - TELLSPLATTS,"Tellskapelle; Tell's chapel; Scenery, Nature","Lake Lucerne, Switzerland",46.93410415,8.612696926,"Point Ellice House Museum and Archives, Victoria, BC",975.1.6616,Image;StillImage,image/jpg,,,,image,https://tdjacklin.ca/wp-content/uploads/CollectionBuilder/photogram_05.jpg,https://tdjacklin.ca/wp-content/uploads/CollectionBuilder/small/photogram_05_sm.jpg,https://tdjacklin.ca/wp-content/uploads/CollectionBuilder/thumbs/photogram_05_th.jpg,
photogram_06,,Fluelen,,,,,1147. P.Z. - FLUELEN,"Panorama; Scenery, Nature","Flüelen, Switzerland",46.91847955,8.714394037,"Point Ellice House Museum and Archives, Victoria, BC",975.1.6617,Image;StillImage,image/jpg,,,,image,https://tdjacklin.ca/wp-content/uploads/CollectionBuilder/photogram_06.jpg,https://tdjacklin.ca/wp-content/uploads/CollectionBuilder/small/photogram_06_sm.jpg,https://tdjacklin.ca/wp-content/uploads/CollectionBuilder/thumbs/photogram_06_th.jpg,
pisa_01,,Pisa 1,,,,,,"Piazza dei Miracoli; Pisa Baptistery; Pisa Cathedral; Leaning Tower of Pisa; Building, Exterior","Pisa, Italy",43.72327705,10.3947991,"Point Ellice House Museum and Archives, Victoria, BC",975.1.8385,Image;StillImage,image/jpg,,,,image,https://tdjacklin.ca/wp-content/uploads/CollectionBuilder/pisa_01.jpg,https://tdjacklin.ca/wp-content/uploads/CollectionBuilder/small/pisa_01_sm.jpg,https://tdjacklin.ca/wp-content/uploads/CollectionBuilder/thumbs/pisa_01_th.jpg,
pisa_02,,Pisa 2,,,,,,"Pisa Cathedral; Building, Interior","Pisa, Italy",43.72335694,10.39587356,"Point Ellice House Museum and Archives, Victoria, BC",975.1.6272,Image;StillImage,image/jpg,,,,image,https://tdjacklin.ca/wp-content/uploads/CollectionBuilder/pisa_02.jpg,https://tdjacklin.ca/wp-content/uploads/CollectionBuilder/small/pisa_02_sm.jpg,https://tdjacklin.ca/wp-content/uploads/CollectionBuilder/thumbs/pisa_02_th.jpg,
pisa_03,,Pisa 3,Van. Lint.,,,,"Pisa, Campamile del Duomo","Pisa Cathedral; Leaning Tower of Pisa; Building, Exterior","Pisa, Italy",43.72327705,10.3947991,"Point Ellice House Museum and Archives, Victoria, BC",975.1.6269,Image;StillImage,image/jpg,eng; ita,,,image,https://tdjacklin.ca/wp-content/uploads/CollectionBuilder/pisa_03.jpg,https://tdjacklin.ca/wp-content/uploads/CollectionBuilder/small/pisa_03_sm.jpg,https://tdjacklin.ca/wp-content/uploads/CollectionBuilder/thumbs/pisa_03_th.jpg,
pisa_04,,Pisa 4,G. Pisano,,,,2079 A Pisa. Campo Santo. Galleria interno di fianco,"Campo Santo; Building, Interior","Pisa, Italy",43.7240676,10.39507371,"Point Ellice House Museum and Archives, Victoria, BC",975.1.6256,Image;StillImage,image/jpg,eng; ita,,,image,https://tdjacklin.ca/wp-content/uploads/CollectionBuilder/pisa_04.jpg,https://tdjacklin.ca/wp-content/uploads/CollectionBuilder/small/pisa_04_sm.jpg,https://tdjacklin.ca/wp-content/uploads/CollectionBuilder/thumbs/pisa_04_th.jpg,
pisa_05,,Pisa 5,,,1875-1944,,,Ponte Solferino,"Pisa, Italy",43.71524426,10.39576397,"Point Ellice House Museum and Archives, Victoria, BC",975.1.6257,Image;StillImage,image/jpg,,,,image,https://tdjacklin.ca/wp-content/uploads/CollectionBuilder/pisa_05.jpg,https://tdjacklin.ca/wp-content/uploads/CollectionBuilder/small/pisa_05_sm.jpg,https://tdjacklin.ca/wp-content/uploads/CollectionBuilder/thumbs/pisa_05_th.jpg,
rome_01,,Rome 1,,,,,N. 745 a Roma Acquedotti con buoi,Aqua Claudia,"Rome, Italy",41.89269708,12.51454966,"Point Ellice House Museum and Archives, Victoria, BC",975.1.8384,Image;StillImage,image/jpg,eng; ita,,,image,https://tdjacklin.ca/wp-content/uploads/CollectionBuilder/rome_01.jpg,https://tdjacklin.ca/wp-content/uploads/CollectionBuilder/small/rome_01_sm.jpg,https://tdjacklin.ca/wp-content/uploads/CollectionBuilder/thumbs/rome_01_th.jpg,
rome_02,,Rome 2,,,,,N. 528.a Roma Foro Romano Otto Colonne,Roman Forum,"Rome, Italy",41.89222616,12.48652279,"Point Ellice House Museum and Archives, Victoria, BC",975.1.8379,Image;StillImage,image/jpg,eng; ita,,,image,https://tdjacklin.ca/wp-content/uploads/CollectionBuilder/rome_02.jpg,https://tdjacklin.ca/wp-content/uploads/CollectionBuilder/small/rome_02_sm.jpg,https://tdjacklin.ca/wp-content/uploads/CollectionBuilder/thumbs/rome_02_th.jpg,
rome_03,,Rome 3,,,,,"N.. 541,b Roma. Tempio della Concordia, Foro Romano",Roman Forum; Temple of Concord,"Rome, Italy",41.89310013,12.48404484,"Point Ellice House Museum and Archives, Victoria, BC",975.1.8377,Image;StillImage,image/jpg,eng; ita,,,image,https://tdjacklin.ca/wp-content/uploads/CollectionBuilder/rome_03.jpg,https://tdjacklin.ca/wp-content/uploads/CollectionBuilder/small/rome_03_sm.jpg,https://tdjacklin.ca/wp-content/uploads/CollectionBuilder/thumbs/rome_03_th.jpg,
rome_04,,Rome 4,,,,,N. 581 Roma Colonna Foca,Roman Forum,"Rome, Italy",41.89222616,12.48652279,"Point Ellice House Museum and Archives, Victoria, BC",975.1.8366,Image;StillImage,image/jpg,eng; ita,,,image,https://tdjacklin.ca/wp-content/uploads/CollectionBuilder/rome_04.jpg,https://tdjacklin.ca/wp-content/uploads/CollectionBuilder/small/rome_04_sm.jpg,https://tdjacklin.ca/wp-content/uploads/CollectionBuilder/thumbs/rome_04_th.jpg,
rome_05,,Rome 5,,,,,"2207. Roma - Galleria Respigliosi - L'Aurora, affresco del Guido Reni",,"Rome, Italy",,,"Point Ellice House Museum and Archives, Victoria, BC",975.1.8372,Image;StillImage,image/jpg,eng; ita,,,image,https://tdjacklin.ca/wp-content/uploads/CollectionBuilder/rome_05.jpg,https://tdjacklin.ca/wp-content/uploads/CollectionBuilder/small/rome_05_sm.jpg,https://tdjacklin.ca/wp-content/uploads/CollectionBuilder/thumbs/rome_05_th.jpg,
rome_06,,Rome 6,,,,,N. 622. Roma. Basilica di S. Paolo Chriostro,"St. Paul's Outside the Walls; Building, Interior","Rome, Italy",41.85883362,12.47699264,"Point Ellice House Museum and Archives, Victoria, BC",975.1.6285,Image;StillImage,image/jpg,eng; ita,,,image,https://tdjacklin.ca/wp-content/uploads/CollectionBuilder/rome_06.jpg,https://tdjacklin.ca/wp-content/uploads/CollectionBuilder/small/rome_06_sm.jpg,https://tdjacklin.ca/wp-content/uploads/CollectionBuilder/thumbs/rome_06_th.jpg,
rome_07,,Rome 7,,,,,"N. 831, Roma. Monte Pincio. Piazzale della Musica","Pincian Hill; Terrace of the Pincio; Panorama; Scenery, Nature","Rome, Italy",41.91113045,12.48117905,"Point Ellice House Museum and Archives, Victoria, BC",971.1.6286,Image;StillImage,image/jpg,eng; ita,,,image,https://tdjacklin.ca/wp-content/uploads/CollectionBuilder/rome_07.jpg,https://tdjacklin.ca/wp-content/uploads/CollectionBuilder/small/rome_07_sm.jpg,https://tdjacklin.ca/wp-content/uploads/CollectionBuilder/thumbs/rome_07_th.jpg,
rome_08,,Rome 8,,,,,,Monument to Christopher Colombus; Piazza Acquaverde; Monument,"Genoa, Italy",44.41689036,8.922385762,"Point Ellice House Museum and Archives, Victoria, BC",975.1.6268,Image;StillImage,image/jpg,,,,image,https://tdjacklin.ca/wp-content/uploads/CollectionBuilder/rome_08.jpg,https://tdjacklin.ca/wp-content/uploads/CollectionBuilder/small/rome_08_sm.jpg,https://tdjacklin.ca/wp-content/uploads/CollectionBuilder/thumbs/rome_08_th.jpg,
rome_09,,Rome 9,,,,,"N. 559. Roma. Campidoglio, Marco Aurelio",Equestrian Statue of Marcus Aurelius; Statue; Monument; Capitoline Hill,"Rome, Italy",41.89347099,12.48243994,"Point Ellice House Museum and Archives, Victoria, BC",975.1.6270,Image;StillImage,image/jpg,eng; ita,,,image,https://tdjacklin.ca/wp-content/uploads/CollectionBuilder/rome_09.jpg,https://tdjacklin.ca/wp-content/uploads/CollectionBuilder/small/rome_09_sm.jpg,https://tdjacklin.ca/wp-content/uploads/CollectionBuilder/thumbs/rome_09_th.jpg,
rome_10,,Rome 10,,,,,N. 500 Roma. Arco di Constantino,Arch of Constantine,"Rome, Italy",41.88986711,12.49079308,"Point Ellice House Museum and Archives, Victoria, BC",975.1.8382,Image;StillImage,image/jpg,eng; ita,,,image,https://tdjacklin.ca/wp-content/uploads/CollectionBuilder/rome_10.jpg,https://tdjacklin.ca/wp-content/uploads/CollectionBuilder/small/rome_10_sm.jpg,https://tdjacklin.ca/wp-content/uploads/CollectionBuilder/thumbs/rome_10_th.jpg,
rome_11,,Rome 11,,,,,"N. 574, b Roma. Castel S. Angelo veduto dal Tevere","Mausoleum of Hadrian; Castel Sant'Angelo; Building, Exterior","Rome, Italy",41.9032067,12.46679917,"Point Ellice House Museum and Archives, Victoria, BC",975.1.8380,Image;StillImage,image/jpg,eng; ita,,,image,https://tdjacklin.ca/wp-content/uploads/CollectionBuilder/rome_11.jpg,https://tdjacklin.ca/wp-content/uploads/CollectionBuilder/small/rome_11_sm.jpg,https://tdjacklin.ca/wp-content/uploads/CollectionBuilder/thumbs/rome_11_th.jpg,
rome_12,,Rome 12,,,,,"N 743 Roma Via Appia, Selpolchro di Cecilia Metella","Tomb of Caecilia Metella; Via Appia; Building, Exterior","Rome, Italy",41.85223342,12.52105303,"Point Ellice House Museum and Archives, Victoria, BC",975.1.8381,Image;StillImage,image/jpg,eng; ita,,,image,https://tdjacklin.ca/wp-content/uploads/CollectionBuilder/rome_12.jpg,https://tdjacklin.ca/wp-content/uploads/CollectionBuilder/small/rome_12_sm.jpg,https://tdjacklin.ca/wp-content/uploads/CollectionBuilder/thumbs/rome_12_th.jpg,
rome_13,,Rome 13,,,,,568. Roma - Veduta generale degli Avanzi delle Terme di Antonino Caracalla (III Secolo),Baths of Caracalla,"Rome, Italy",41.87915001,12.49297584,"Point Ellice House Museum and Archives, Victoria, BC",975..1.838(3 or 5?),Image;StillImage,image/jpg,eng; ita,,,image,https://tdjacklin.ca/wp-content/uploads/CollectionBuilder/rome_13.jpg,https://tdjacklin.ca/wp-content/uploads/CollectionBuilder/small/rome_13_sm.jpg,https://tdjacklin.ca/wp-content/uploads/CollectionBuilder/thumbs/rome_13_th.jpg,
rome_14,,Rome 14,,,,,N. 577. Roma Foro Traiano,Trajan's Forum,"Rome, Italy",41.89501418,12.48558104,"Point Ellice House Museum and Archives, Victoria, BC",975.1.8378,Image;StillImage,image/jpg,eng; ita,,,image,https://tdjacklin.ca/wp-content/uploads/CollectionBuilder/rome_14.jpg,https://tdjacklin.ca/wp-content/uploads/CollectionBuilder/small/rome_14_sm.jpg,https://tdjacklin.ca/wp-content/uploads/CollectionBuilder/thumbs/rome_14_th.jpg,
swiss_01,,Switzerland 1,,,,,13522 Unreadable,Lion of Lucerne; Monument,"Lucerne, Switzerland",47.058583,8.311208796,"Point Ellice House Museum and Archives, Victoria, BC",975.1.6287,Image;StillImage,image/jpg,,,,image,https://tdjacklin.ca/wp-content/uploads/CollectionBuilder/swiss_01.jpg,https://tdjacklin.ca/wp-content/uploads/CollectionBuilder/small/swiss_01_sm.jpg,https://tdjacklin.ca/wp-content/uploads/CollectionBuilder/thumbs/swiss_01_th.jpg,
swiss_02,,Switzerland 2,"Schroeder & Cie, Zurich",,,,1975. Lucerne depuis Musegg,Panorama,"Lucerne, Switzerland",47.05502312,8.306406687,"Point Ellice House Museum and Archives, Victoria, BC",975.1.8376,Image;StillImage,image/jpg,,,,image,https://tdjacklin.ca/wp-content/uploads/CollectionBuilder/swiss_02.jpg,https://tdjacklin.ca/wp-content/uploads/CollectionBuilder/small/swiss_02_sm.jpg,https://tdjacklin.ca/wp-content/uploads/CollectionBuilder/thumbs/swiss_02_th.jpg,
swiss_03,,Switzerland 3,Photoglob,,,,2468. Lucerne Musegg et le Pilate,Panorama; Mount Pilatus; Musegg Wall,"Lucerne, Switzerland",47.05502312,8.306406687,"Point Ellice House Museum and Archives, Victoria, BC",975.1.8375,Image;StillImage,image/jpg,,,,image,https://tdjacklin.ca/wp-content/uploads/CollectionBuilder/swiss_03.jpg,https://tdjacklin.ca/wp-content/uploads/CollectionBuilder/small/swiss_03_sm.jpg,https://tdjacklin.ca/wp-content/uploads/CollectionBuilder/thumbs/swiss_03_th.jpg,
swiss_04,,Switzerland 4,"Schroeder & Cie, Zurich",,,,"1893. Lucerne, le Gutsch et le Pilate",Château Gütsch; Panorama; Mount Pilatus,"Lucerne, Switzerland",47.05185385,8.295011125,"Point Ellice House Museum and Archives, Victoria, BC",975.1.8373,Image;StillImage,image/jpg,,,,image,https://tdjacklin.ca/wp-content/uploads/CollectionBuilder/swiss_04.jpg,https://tdjacklin.ca/wp-content/uploads/CollectionBuilder/small/swiss_04_sm.jpg,https://tdjacklin.ca/wp-content/uploads/CollectionBuilder/thumbs/swiss_04_th.jpg,
swiss_05,,Switzerland 5,Photoglob,,,,63. Vitznau,"Panorama; Scenery, Nature","Vitznau, Switzerland",47.01017018,8.483249854,"Point Ellice House Museum and Archives, Victoria, BC",975.1.8374,Image;StillImage,image/jpg,,,,image,https://tdjacklin.ca/wp-content/uploads/CollectionBuilder/swiss_05.jpg,https://tdjacklin.ca/wp-content/uploads/CollectionBuilder/small/swiss_05_sm.jpg,https://tdjacklin.ca/wp-content/uploads/CollectionBuilder/thumbs/swiss_05_th.jpg,
uniden_01,,Unidentified 1,,,,Pulpit in the Pisa Baptistery,,"Pisa Baptistery; Building, Interior","Pisa, Italy",43.72339771,10.394301,"Point Ellice House Museum and Archives, Victoria, BC",975.1.6271,Image;StillImage,image/jpg,,,,image,https://tdjacklin.ca/wp-content/uploads/CollectionBuilder/uniden_01.jpg,https://tdjacklin.ca/wp-content/uploads/CollectionBuilder/small/uniden_01_sm.jpg,https://tdjacklin.ca/wp-content/uploads/CollectionBuilder/thumbs/uniden_01_th.jpg,
uniden_02,,Unidentified 2,,,,Ponte Santa Trinita,,"Scenery, City","Florence, Italy",43.76912273,11.25067582,"Point Ellice House Museum and Archives, Victoria, BC",975.1.8370,Image;StillImage,image/jpg,,,,image,https://tdjacklin.ca/wp-content/uploads/CollectionBuilder/uniden_02.jpg,https://tdjacklin.ca/wp-content/uploads/CollectionBuilder/small/uniden_02_sm.jpg,https://tdjacklin.ca/wp-content/uploads/CollectionBuilder/thumbs/uniden_02_th.jpg,
venezia_01,,Venice 1,T. Filippi & C.,,,View of the Grand Canal from Ponte dell'Accademia,,"Grand Canal; Scenery, City","Venice, Italy",45.43181601,12.32945497,"Point Ellice House Museum and Archives, Victoria, BC",975.1.8391,Image;StillImage,image/jpg,,,,image,https://tdjacklin.ca/wp-content/uploads/CollectionBuilder/venezia_01.jpg,https://tdjacklin.ca/wp-content/uploads/CollectionBuilder/small/venezia_01_sm.jpg,https://tdjacklin.ca/wp-content/uploads/CollectionBuilder/thumbs/venezia_01_th.jpg,
venezia_02,,Venice 2,T. Filippi & C.,,,,No 30 Rivo di Canonica,Rio de la Canonica,"Venice, Italy",45.43494653,12.34075091,"Point Ellice House Museum and Archives, Victoria, BC",975.1.8389,Image;StillImage,image/jpg,eng; ita,,,image,https://tdjacklin.ca/wp-content/uploads/CollectionBuilder/venezia_02.jpg,https://tdjacklin.ca/wp-content/uploads/CollectionBuilder/small/venezia_02_sm.jpg,https://tdjacklin.ca/wp-content/uploads/CollectionBuilder/thumbs/venezia_02_th.jpg,
venezia_03,,Venice 3,T. Filippi & C.,,,,97,Venetian Lagoon,"Venice, Italy",45.4121306,12.30935208,"Point Ellice House Museum and Archives, Victoria, BC",975.1.8390,Image;StillImage,image/jpg,,,,image,https://tdjacklin.ca/wp-content/uploads/CollectionBuilder/venezia_03.jpg,https://tdjacklin.ca/wp-content/uploads/CollectionBuilder/small/venezia_03_sm.jpg,https://tdjacklin.ca/wp-content/uploads/CollectionBuilder/thumbs/venezia_03_th.jpg,
venezia_04,,Venice 4,Tomaso Filippi,,,,97,Venetian Lagoon,"Venice, Italy",45.4121306,12.30935208,"Point Ellice House Museum and Archives, Victoria, BC",975.1.8092,Image;StillImage,image/jpg,,,,image,https://tdjacklin.ca/wp-content/uploads/CollectionBuilder/venezia_04.jpg,https://tdjacklin.ca/wp-content/uploads/CollectionBuilder/small/venezia_04_sm.jpg,https://tdjacklin.ca/wp-content/uploads/CollectionBuilder/thumbs/venezia_04_th.jpg,
venezia_05,,Venice 5,T. Filippi & C.,,,,,Bridge of Sighs,"Venice, Italy",45.43420119,12.34084747,"Point Ellice House Museum and Archives, Victoria, BC",975.1.8091,Image;StillImage,image/jpg,,,,image,https://tdjacklin.ca/wp-content/uploads/CollectionBuilder/venezia_05.jpg,https://tdjacklin.ca/wp-content/uploads/CollectionBuilder/small/venezia_05_sm.jpg,https://tdjacklin.ca/wp-content/uploads/CollectionBuilder/thumbs/venezia_05_th.jpg,
venezia_06,,Venice 6,T. Filippi & C.,,,,,Doge's Palace; Column of San Marco; Piazza San Marco,"Venice, Italy",45.4338615,12.34076488,"Point Ellice House Museum and Archives, Victoria, BC",975.1.8084,Image;StillImage,image/jpg,,,,image,https://tdjacklin.ca/wp-content/uploads/CollectionBuilder/venezia_06.jpg,https://tdjacklin.ca/wp-content/uploads/CollectionBuilder/small/venezia_06_sm.jpg,https://tdjacklin.ca/wp-content/uploads/CollectionBuilder/thumbs/venezia_06_th.jpg,
venezia_07,,Venice 7,T. Filippi & C.,,,,,Ca' d'Oro,"Venice, Italy",45.44097357,12.33390424,"Point Ellice House Museum and Archives, Victoria, BC",,Image;StillImage,image/jpg,,,,image,https://tdjacklin.ca/wp-content/uploads/CollectionBuilder/venezia_07.jpg,https://tdjacklin.ca/wp-content/uploads/CollectionBuilder/small/venezia_07_sm.jpg,https://tdjacklin.ca/wp-content/uploads/CollectionBuilder/thumbs/venezia_07_th.jpg,
venezia_08,,Venice 8,T. Filippi & C.,,,,47,"Rialto Bridge; Grand Canal; Scenery, City","Venice, Italy",45.43810455,12.33610182,"Point Ellice House Museum and Archives, Victoria, BC",975.1.8089?,Image;StillImage,image/jpg,,,,image,https://tdjacklin.ca/wp-content/uploads/CollectionBuilder/venezia_08.jpg,https://tdjacklin.ca/wp-content/uploads/CollectionBuilder/small/venezia_08_sm.jpg,https://tdjacklin.ca/wp-content/uploads/CollectionBuilder/thumbs/venezia_08_th.jpg,
venezia_09,,Venice 9,T. Filippi & C.,,,,,"Riva degli Schiavoni; Grand Canal; Scenery, City","Venice, Italy",45.43412789,12.34421162,"Point Ellice House Museum and Archives, Victoria, BC",975.1.8093,Image;StillImage,image/jpg,,,,image,https://tdjacklin.ca/wp-content/uploads/CollectionBuilder/venezia_09.jpg,https://tdjacklin.ca/wp-content/uploads/CollectionBuilder/small/venezia_09_sm.jpg,https://tdjacklin.ca/wp-content/uploads/CollectionBuilder/thumbs/venezia_09_th.jpg,
venezia_10,,Venice 10,T. Filippi & C.,,,,131,"Saint Mark's Basilica; Building, Interior","Venice, Italy",45.4346735,12.34008791,"Point Ellice House Museum and Archives, Victoria, BC",,Image;StillImage,image/jpg,,,,image,https://tdjacklin.ca/wp-content/uploads/CollectionBuilder/venezia_10.jpg,https://tdjacklin.ca/wp-content/uploads/CollectionBuilder/small/venezia_10_sm.jpg,https://tdjacklin.ca/wp-content/uploads/CollectionBuilder/thumbs/venezia_10_th.jpg,
venezia_11,,Venice 11,T. Filippi & C.,,,,,Column of San Marco; Column of San Todaro; Piazza San Marco,"Venice, Italy",45.4338615,12.34076488,"Point Ellice House Museum and Archives, Victoria, BC",975.1.8082,Image;StillImage,image/jpg,,,,image,https://tdjacklin.ca/wp-content/uploads/CollectionBuilder/venezia_11.jpg,https://tdjacklin.ca/wp-content/uploads/CollectionBuilder/small/venezia_11_sm.jpg,https://tdjacklin.ca/wp-content/uploads/CollectionBuilder/thumbs/venezia_11_th.jpg,
venezia_12,,Venice 12,T. Filippi & C.,,,,,"Saint Mark's Basilica; Building, Exterior","Venice, Italy",45.4346735,12.34008791,"Point Ellice House Museum and Archives, Victoria, BC",,Image;StillImage,image/jpg,,,,image,https://tdjacklin.ca/wp-content/uploads/CollectionBuilder/venezia_12.jpg,https://tdjacklin.ca/wp-content/uploads/CollectionBuilder/small/venezia_12_sm.jpg,https://tdjacklin.ca/wp-content/uploads/CollectionBuilder/thumbs/venezia_12_th.jpg,
venezia_13,,Venice 13,T. Filippi & C.,,,Courtyard of the Doge's Palace,,Doge's Palace; Building Interior,"Venice, Italy",45.4338615,12.34076488,"Point Ellice House Museum and Archives, Victoria, BC",,Image;StillImage,image/jpg,,,,image,https://tdjacklin.ca/wp-content/uploads/CollectionBuilder/venezia_13.jpg,https://tdjacklin.ca/wp-content/uploads/CollectionBuilder/small/venezia_13_sm.jpg,https://tdjacklin.ca/wp-content/uploads/CollectionBuilder/thumbs/venezia_13_th.jpg,
venezia_14,,Venice 14,Tomaso Filippi,,,Venice Senate Hall,Venezia - Sala dei Pregadi Verso il Trono,Doge's Palace; Building Interior,"Venice, Italy",45.4338615,12.34076488,"Point Ellice House Museum and Archives, Victoria, BC",,Image;StillImage,image/jpg,eng; ita,,,image,https://tdjacklin.ca/wp-content/uploads/CollectionBuilder/venezia_14.jpg,https://tdjacklin.ca/wp-content/uploads/CollectionBuilder/small/venezia_14_sm.jpg,https://tdjacklin.ca/wp-content/uploads/CollectionBuilder/thumbs/venezia_14_th.jpg,
venezia_15,,Venice 15,T. Filippi & C.,,,,,"Doge's Palace; Piazza San Marco; Grand Canal; Scenery, City","Venice, Italy",45.4338615,12.34076488,"Point Ellice House Museum and Archives, Victoria, BC",,Image;StillImage,image/jpg,,,,image,https://tdjacklin.ca/wp-content/uploads/CollectionBuilder/venezia_15.jpg,https://tdjacklin.ca/wp-content/uploads/CollectionBuilder/small/venezia_15_sm.jpg,https://tdjacklin.ca/wp-content/uploads/CollectionBuilder/thumbs/venezia_15_th.jpg,
phad_1,,Photograph,,,,,,,"Biarritz, France",,,https://apps.nrs.gov.bc.ca/pub/heritageartifactcollection/index.php/Detail/objects/71682,,,,,,,image,https://apps.nrs.gov.bc.ca/pub/heritageartifactcollection/media/bc_public/images/1/1/9/89272_ca_object_representations_media_11921_large.jpg,,,
phad_2,,Photograph,,,,,,,"Ty Gwyn, Wales",,,https://apps.nrs.gov.bc.ca/pub/heritageartifactcollection/index.php/Detail/objects/71683,,,,,,,image,https://apps.nrs.gov.bc.ca/pub/heritageartifactcollection/media/bc_public/images/1/1/9/51894_ca_object_representations_media_11922_large.jpg,,,
phad_3,,Photograph,,,,,,,"Wigtownshire, Scotland.",,,https://apps.nrs.gov.bc.ca/pub/heritageartifactcollection/index.php/Detail/objects/8903,,,,,,,image,https://apps.nrs.gov.bc.ca/pub/heritageartifactcollection/media/bc_public/images/1/1/9/58615_ca_object_representations_media_11942_large.jpg,,,
phad_4,,Photograph,,,,,,,"Barcelona, Spain",,,https://apps.nrs.gov.bc.ca/pub/heritageartifactcollection/index.php/Detail/objects/8939,,,,,,,compound_object,https://apps.nrs.gov.bc.ca/pub/heritageartifactcollection/media/bc_public/images/1/1/7/8171_ca_object_representations_media_11776_large.jpg,,,
phad_4b,phad_4,Photograph,,,,,,,,,,,,,,,,,image,https://apps.nrs.gov.bc.ca/pub/heritageartifactcollection/media/bc_public/images/1/1/7/3109_ca_object_representations_media_11777_large.jpg,,,
phad_4c,phad_4,Photograph,,,,,,,,,,,,,,,,,image,https://apps.nrs.gov.bc.ca/pub/heritageartifactcollection/media/bc_public/images/1/1/7/35205_ca_object_representations_media_11778_large.jpg,,,
phad_5,,Photograph,,,,,,,,,,https://apps.nrs.gov.bc.ca/pub/heritageartifactcollection/index.php/Detail/objects/8965,,,,,,,compound_object,https://apps.nrs.gov.bc.ca/pub/heritageartifactcollection/media/bc_public/images/1/1/9/39802_ca_object_representations_media_11933_large.jpg,,,
phad_5b,phad_5,Photograph,,,,,,,,,,,,,,,,,image,https://apps.nrs.gov.bc.ca/pub/heritageartifactcollection/media/bc_public/images/1/1/9/37165_ca_object_representations_media_11934_large.jpg,,,
phad_5c,phad_5,Photograph,,,,,,,,,,,,,,,,,image,https://apps.nrs.gov.bc.ca/pub/heritageartifactcollection/media/bc_public/images/1/1/9/11229_ca_object_representations_media_11935_large.jpg,,,
phad_5d,phad_5,Photograph,,,,,,,,,,,,,,,,,image,https://apps.nrs.gov.bc.ca/pub/heritageartifactcollection/media/bc_public/images/1/1/9/45310_ca_object_representations_media_11936_large.jpg,,,
phad_5e,phad_5,Photograph,,,,,,,,,,,,,,,,,image,https://apps.nrs.gov.bc.ca/pub/heritageartifactcollection/media/bc_public/images/1/1/9/85703_ca_object_representations_media_11937_large.jpg,,,
phad_5f,phad_5,Photograph,,,,,,,,,,,,,,,,,image,https://apps.nrs.gov.bc.ca/pub/heritageartifactcollection/media/bc_public/images/1/1/9/63976_ca_object_representations_media_11938_large.jpg,,,
phad_5g,phad_5,Photograph,,,,,,,,,,,,,,,,,image,https://apps.nrs.gov.bc.ca/pub/heritageartifactcollection/media/bc_public/images/1/1/9/10554_ca_object_representations_media_11939_large.jpg,,,
phad_6,,Photograph,,,,,,,"Rome, Italy",,,https://apps.nrs.gov.bc.ca/pub/heritageartifactcollection/index.php/Detail/objects/8651,,,,,,,image,https://apps.nrs.gov.bc.ca/pub/heritageartifactcollection/media/bc_public/images/1/5/3/67601_ca_object_representations_media_15306_large.jpg,,,
phad_7,,Photograph,,,,,,,,,,https://apps.nrs.gov.bc.ca/pub/heritageartifactcollection/index.php/Detail/objects/8650,,,,,,,image,https://apps.nrs.gov.bc.ca/pub/heritageartifactcollection/media/bc_public/images/1/5/3/56689_ca_object_representations_media_15304_large.jpg,,,
phad_8,,Photograph,,,,,,,,,,https://apps.nrs.gov.bc.ca/pub/heritageartifactcollection/index.php/Detail/objects/8652,,,,,,,image,https://apps.nrs.gov.bc.ca/pub/heritageartifactcollection/media/bc_public/images/1/5/3/18753_ca_object_representations_media_15302_large.jpg,,,
phad_9,,Photograph,,,,,,,,,,https://apps.nrs.gov.bc.ca/pub/heritageartifactcollection/index.php/Detail/objects/8653,,,,,,,image,,,,
phad_10,,Photograph,,,,,,,,,,https://apps.nrs.gov.bc.ca/pub/heritageartifactcollection/index.php/Detail/objects/8654,,,,,,,image,,,,
phad_11,,Photograph,,,,,,,,,,https://apps.nrs.gov.bc.ca/pub/heritageartifactcollection/index.php/Detail/objects/8655,,,,,,,image,https://apps.nrs.gov.bc.ca/pub/heritageartifactcollection/media/bc_public/images/1/5/3/70178_ca_object_representations_media_15300_large.jpg,,,
phad_12,,Photograph,,,,,,,"Dublin, Ireland",,,https://apps.nrs.gov.bc.ca/pub/heritageartifactcollection/index.php/Detail/objects/8926,,,,,,,image,https://apps.nrs.gov.bc.ca/pub/heritageartifactcollection/media/bc_public/images/1/1/9/21507_ca_object_representations_media_11962_large.jpg,,,
phad_13,,Photograph,,,,,,,"Dublin, Ireland",,,https://apps.nrs.gov.bc.ca/pub/heritageartifactcollection/index.php/Detail/objects/8925,,,,,,,image,https://apps.nrs.gov.bc.ca/pub/heritageartifactcollection/media/bc_public/images/1/1/9/35059_ca_object_representations_media_11961_large.jpg,,,
phad_14,,Photograph,,,,,,,"Dublin, Ireland",,,https://apps.nrs.gov.bc.ca/pub/heritageartifactcollection/index.php/Detail/objects/8924,,,,,,,image,https://apps.nrs.gov.bc.ca/pub/heritageartifactcollection/media/bc_public/images/1/1/9/63413_ca_object_representations_media_11960_large.jpg,,,
phad_15,,Photograph,,,,,,,"Dublin, Ireland",,,https://apps.nrs.gov.bc.ca/pub/heritageartifactcollection/index.php/Detail/objects/8927,,,,,,,image,https://apps.nrs.gov.bc.ca/pub/heritageartifactcollection/media/bc_public/images/1/1/9/4610_ca_object_representations_media_11963_large.jpg,,,
phad_16,,Photograph,,,,,,,"Dublin, Ireland",,,https://apps.nrs.gov.bc.ca/pub/heritageartifactcollection/index.php/Detail/objects/8922,,,,,,,image,https://apps.nrs.gov.bc.ca/pub/heritageartifactcollection/media/bc_public/images/1/1/9/75954_ca_object_representations_media_11964_large.jpg,,,
phad_17,,Photograph,,,,,,,"Dublin, Ireland",,,https://apps.nrs.gov.bc.ca/pub/heritageartifactcollection/index.php/Detail/objects/8923,,,,,,,image,https://apps.nrs.gov.bc.ca/pub/heritageartifactcollection/media/bc_public/images/1/1/9/85415_ca_object_representations_media_11965_large.jpg,,,
phad_18,,Photograph,,,,,,,"Dublin, Ireland",,,https://apps.nrs.gov.bc.ca/pub/heritageartifactcollection/index.php/Detail/objects/8928,,,,,,,image,https://apps.nrs.gov.bc.ca/pub/heritageartifactcollection/media/bc_public/images/1/1/9/62125_ca_object_representations_media_11966_large.jpg,,,
phad_19,,Photograph,,,,,,,"Guadalupe, Spain",,,https://apps.nrs.gov.bc.ca/pub/heritageartifactcollection/index.php/Detail/objects/8681,,,,,,,multiple,https://apps.nrs.gov.bc.ca/pub/heritageartifactcollection/media/bc_public/images/1/5/3/87331_ca_object_representations_media_15352_large.jpg,,,
phad_19b,phad_19,,,,,,,,,,,,,,,,,,image,https://apps.nrs.gov.bc.ca/pub/heritageartifactcollection/media/bc_public/images/1/5/3/36245_ca_object_representations_media_15353_large.jpg,,,
phad_20,,Photograph,,,,,,,"Guadalupe, Spain",,,https://apps.nrs.gov.bc.ca/pub/heritageartifactcollection/index.php/Detail/objects/8682,,,,,,,multiple,https://apps.nrs.gov.bc.ca/pub/heritageartifactcollection/media/bc_public/images/1/5/3/7436_ca_object_representations_media_15356_large.jpg,,,
phad_20b,phad_20,,,,,,,,,,,,,,,,,,image,https://apps.nrs.gov.bc.ca/pub/heritageartifactcollection/media/bc_public/images/1/5/3/12126_ca_object_representations_media_15357_large.jpg,,,
phad_21,,Photograph,,,,,,,"Guadalupe, Spain",,,https://apps.nrs.gov.bc.ca/pub/heritageartifactcollection/index.php/Detail/objects/8683,,,,,,,multiple,https://apps.nrs.gov.bc.ca/pub/heritageartifactcollection/media/bc_public/images/1/5/3/41032_ca_object_representations_media_15364_large.jpg,,,
phad_21b,phad_21,,,,,,,,,,,,,,,,,,image,https://apps.nrs.gov.bc.ca/pub/heritageartifactcollection/media/bc_public/images/1/5/3/57098_ca_object_representations_media_15365_large.jpg,,,
phad_22,,Photograph,,,,,,,"Guadalupe, Spain",,,https://apps.nrs.gov.bc.ca/pub/heritageartifactcollection/index.php/Detail/objects/8684,,,,,,,multiple,https://apps.nrs.gov.bc.ca/pub/heritageartifactcollection/media/bc_public/images/1/5/3/68629_ca_object_representations_media_15362_large.jpg,,,
phad_22b,phad_22,,,,,,,,,,,,,,,,,,image,https://apps.nrs.gov.bc.ca/pub/heritageartifactcollection/media/bc_public/images/1/5/3/87333_ca_object_representations_media_15363_large.jpg,,,
phad_23,,Photograph,,,,,,,"Guadalupe, Spain",,,https://apps.nrs.gov.bc.ca/pub/heritageartifactcollection/index.php/Detail/objects/8685,,,,,,,multiple,https://apps.nrs.gov.bc.ca/pub/heritageartifactcollection/media/bc_public/images/1/5/3/34172_ca_object_representations_media_15366_large.jpg,,,
phad_23b,phad_23,,,,,,,,,,,,,,,,,,image,https://apps.nrs.gov.bc.ca/pub/heritageartifactcollection/media/bc_public/images/1/5/3/92678_ca_object_representations_media_15367_large.jpg,,,
phad_24,,Photograph,,,,,,,"Guadalupe, Spain",,,https://apps.nrs.gov.bc.ca/pub/heritageartifactcollection/index.php/Detail/objects/8686,,,,,,,multiple,https://apps.nrs.gov.bc.ca/pub/heritageartifactcollection/media/bc_public/images/1/5/3/3766_ca_object_representations_media_15360_large.jpg,,,
phad_24b,phad_24,,,,,,,,,,,,,,,,,,image,https://apps.nrs.gov.bc.ca/pub/heritageartifactcollection/media/bc_public/images/1/5/3/23198_ca_object_representations_media_15361_large.jpg,,,
phad_25,,Photograph,,,,,,,England,,,https://apps.nrs.gov.bc.ca/pub/heritageartifactcollection/index.php/Detail/objects/8950,,,,,,,image,https://apps.nrs.gov.bc.ca/pub/heritageartifactcollection/media/bc_public/images/1/1/9/25088_ca_object_representations_media_11968_large.jpg,,,
phad_26,,Photograph,,,,,,,"Devonshire, England",,,https://apps.nrs.gov.bc.ca/pub/heritageartifactcollection/index.php/Detail/objects/8727,,,,,,,image,https://apps.nrs.gov.bc.ca/pub/heritageartifactcollection/media/bc_public/images/1/6/8/26199_ca_object_representations_media_16825_large.jpg,,,
phad_27,,Photograph,,,,,,,"Newton, England",,,https://apps.nrs.gov.bc.ca/pub/heritageartifactcollection/index.php/Detail/objects/8745,,,,,,,image,https://apps.nrs.gov.bc.ca/pub/heritageartifactcollection/media/bc_public/images/2/5/2/92440_ca_object_representations_media_25250_large.jpg,,,
phad_28,,Photograph,,,,,,,"London, England",,,https://apps.nrs.gov.bc.ca/pub/heritageartifactcollection/index.php/Detail/objects/8963,,,,,,,image,https://apps.nrs.gov.bc.ca/pub/heritageartifactcollection/media/bc_public/images/1/1/9/48319_ca_object_representations_media_11981_large.jpg,,,
phad_29,,Photograph,,,,,,,"London, England",,,https://apps.nrs.gov.bc.ca/pub/heritageartifactcollection/index.php/Detail/objects/8964,,,,,,,image,https://apps.nrs.gov.bc.ca/pub/heritageartifactcollection/media/bc_public/images/1/1/9/76078_ca_object_representations_media_11982_large.jpg,,,
phad_30,,Photograph,,,,,,,,,,https://apps.nrs.gov.bc.ca/pub/heritageartifactcollection/index.php/Detail/objects/8931,,,,,,,image,https://apps.nrs.gov.bc.ca/pub/heritageartifactcollection/media/bc_public/images/1/1/8/94744_ca_object_representations_media_11802_large.jpg,,,
phad_31,,Photograph,,,,,,,,,,https://apps.nrs.gov.bc.ca/pub/heritageartifactcollection/index.php/Detail/objects/8957,,,,,,,image,https://apps.nrs.gov.bc.ca/pub/heritageartifactcollection/media/bc_public/images/1/1/7/1237_ca_object_representations_media_11772_large.jpg,,,
phad_32,,Photograph,,,,,,,,,,https://apps.nrs.gov.bc.ca/pub/heritageartifactcollection/index.php/Detail/objects/8940,,,,,,,image,https://apps.nrs.gov.bc.ca/pub/heritageartifactcollection/media/bc_public/images/1/2/1/94721_ca_object_representations_media_12116_large.jpg,,,
phad_33,,Photograph,,,,,,,,,,https://apps.nrs.gov.bc.ca/pub/heritageartifactcollection/index.php/Detail/objects/4395,,,,,,,image,https://apps.nrs.gov.bc.ca/pub/heritageartifactcollection/media/bc_public/images/1/6/9/14105_ca_object_representations_media_16915_large.jpg,,,
phad_34,,Photograph,,,,,,,,,,https://apps.nrs.gov.bc.ca/pub/heritageartifactcollection/index.php/Detail/objects/3676,,,,,,,image,https://apps.nrs.gov.bc.ca/pub/heritageartifactcollection/media/bc_public/images/1/5/2/6693_ca_object_representations_media_15228_large.jpg,,,
phad_35,,Photograph,,,,,,,,,,https://apps.nrs.gov.bc.ca/pub/heritageartifactcollection/index.php/Detail/objects/74244,,,,,,,record,,,,
phad_36,,Photograph,,,,,,,,,,https://apps.nrs.gov.bc.ca/pub/heritageartifactcollection/index.php/Detail/objects/4630,,,,,,,image,https://apps.nrs.gov.bc.ca/pub/heritageartifactcollection/media/bc_public/images/1/9/9716_ca_object_representations_media_1976_large.jpg,,,
phad_37,,Photograph,,,,,,,Milan,,,https://apps.nrs.gov.bc.ca/pub/heritageartifactcollection/index.php/Detail/objects/73606,,,,,,,record,,,,
phad_38,,Photograph,,,,,,,,,,https://apps.nrs.gov.bc.ca/pub/heritageartifactcollection/index.php/Detail/objects/3325,,,,,,,record,,,,
phad_39,,Photograph,,,,,,,,,,https://apps.nrs.gov.bc.ca/pub/heritageartifactcollection/index.php/Detail/objects/74232,PEH1975.001.8383,,,,,,record,,,,
phad_40,,Advertisement,,,1894,"One retailer's/wholesaler's advertisement for photographic reproductions of original artists' masterpieces located in museums and galleries in Rome. Black printing on white paper. Produced for sale by gaetano pedo, wholesale and retail depot of photographs. Also available views of Naples, Pompei, Venice, Milan, Florence, and other Italian cities. Business established in 1874. Ink, printed length: 25.9 cm width: 18.5 cm",,,,,,https://apps.nrs.gov.bc.ca/pub/heritageartifactcollection/index.php/Detail/objects/5146,PEH1975.001.10077,,,,,,image,https://apps.nrs.gov.bc.ca/pub/heritageartifactcollection/media/bc_public/images/1/1/8/54429_ca_object_representations_media_11807_large.jpg,,,
phad_41,,Program,,,1914,"Rome - Hotel Regina, program",,,"Rome, Italy",,,https://apps.nrs.gov.bc.ca/pub/heritageartifactcollection/index.php/Detail/objects/73701,PEH1975.001.6472,,,,,,record,,,,
phad_42,,Photograph,,1905,,,,,"Madrid, Spain",,,https://apps.nrs.gov.bc.ca/pub/heritageartifactcollection/index.php/Detail/objects/5269,,,,,,,image,https://apps.nrs.gov.bc.ca/pub/heritageartifactcollection/media/bc_public/images/1/3/49096_ca_object_representations_media_1329_large.jpg,,,
phad_43,,Fan,,,circa 1885 – 1895,,,,,,,https://apps.nrs.gov.bc.ca/pub/heritageartifactcollection/index.php/Detail/objects/7229,,,,,,,record,,,,
phad_44,,Fan,,,circa 1885 – 1895,,,,,,,https://apps.nrs.gov.bc.ca/pub/heritageartifactcollection/index.php/Detail/objects/7224,,,,,,,record,,,,
phad_45,,Fan,,,circa 1885 – 1895,,,,,,,https://apps.nrs.gov.bc.ca/pub/heritageartifactcollection/index.php/Detail/objects/7230,,,,,,,record,,,,
phad_46,,Fan,,,circa 1885 – 1895,,,,,,,https://apps.nrs.gov.bc.ca/pub/heritageartifactcollection/index.php/Detail/objects/7210,,,,,,,record,,,,
phad_47,,Fan,,,circa 1892 – 1902,,,,,,,https://apps.nrs.gov.bc.ca/pub/heritageartifactcollection/index.php/Detail/objects/5270,,,,,,,record,,,,
phad_48,,Card,,,,"Business card for Andres Cifre, a Spanish teacher and guide for Spain",,,,,,https://apps.nrs.gov.bc.ca/pub/heritageartifactcollection/index.php/Detail/objects/73686,,,,,,,record,,,,
phad_49,,Photograph,,,circa 1895 – 1897,,,,,,,https://apps.nrs.gov.bc.ca/pub/heritageartifactcollection/index.php/Detail/objects/3729,,,,,,,record,,,,
phad_50,,Photograph,,,circa 1895 – 1897,,,,"Valencia, Spain",,,https://apps.nrs.gov.bc.ca/pub/heritageartifactcollection/index.php/Detail/objects/74599,,,,,,,image,https://apps.nrs.gov.bc.ca/pub/heritageartifactcollection/media/bc_public/images/1/6/9/6059_ca_object_representations_media_16919_large.jpg,,,
phad_51,,Pin,,1906,,,,,,,,https://apps.nrs.gov.bc.ca/pub/heritageartifactcollection/index.php/Detail/objects/6380,,,,,,,image,https://apps.nrs.gov.bc.ca/pub/heritageartifactcollection/media/bc_public/images/1/2/34761_ca_object_representations_media_1242_large.jpg,,,
phad_52,,Pin,,1906,,"One round, brass pin. Cardboard center printed with coat of arms and ""Ascot 1906, royal enclosure."" ""miss O'Reilly"" signed on front. Printed on back of pin ""this ticket is not transferable. Every holder is held responsible for this order. Issued subject to the rules of racing."" paper length: 8 cm outside diameter: 5 cm",,,,,,https://apps.nrs.gov.bc.ca/pub/heritageartifactcollection/index.php/Detail/objects/6381,,,,,,,image,https://apps.nrs.gov.bc.ca/pub/heritageartifactcollection/index.php/Detail/objects/6381#,,,
phad_53,,Vase,,circa 1885 – 1895,,"One clear glass bud vase(?). Flat, oval shape. Flowers and ""souvenir d'aix les bains"" frosted on front. Glass width: 7 cm depth: 3 cm height: 9 cm",,,,,,https://apps.nrs.gov.bc.ca/pub/heritageartifactcollection/index.php/Detail/objects/7287,,,,,,,image,https://apps.nrs.gov.bc.ca/pub/heritageartifactcollection/media/bc_public/images/1/9/60363_ca_object_representations_media_1936_large.jpg,,,
phad_54,,Trinket,,,,"Metal curio of boat attached to base with text ""Venezia""",,,,,,https://apps.nrs.gov.bc.ca/pub/heritageartifactcollection/index.php/Detail/objects/73383,,,,,,,record,,,,
phad_55,,Pill Box,,,,"Round pillbox from Paris, depicts Arc de Triomphe",,,,,,https://apps.nrs.gov.bc.ca/pub/heritageartifactcollection/index.php/Detail/objects/73409,,,,,,,record,,,,
kdiary97_1,,Kathleen O'Reilly Diary,"O'Reilly, Kathleen",1897-03-15,,,"Nearly all [] places closed on Monday. Drove to Notre Dame. By [position] [Growers] Eiffle Tower etc before lunch After walked in Palais Royale + drove to Palais de Glace. Enjoyed it. Very much, band playing. Had skating lesson after dinner left in Wagon for Marseilles. Wretchedly uncomfortable night.",,"Paris, France",,,BC Archives,"MS-2894, Box 24, File 7",Image;StillImage,image/jpg,eng,,,compound_object,https://tdjacklin.ca/wp-content/uploads/CollectionBuilder/kdiary97_1.jpg,https://tdjacklin.ca/wp-content/uploads/CollectionBuilder/small/kdiary97_1_sm.jpg,https://tdjacklin.ca/wp-content/uploads/CollectionBuilder/thumbs/kdiary97_1_th.jpg,
kdiary97_2,kdiary97_1,Kathleen O'Reilly Diary,"O'Reilly, Kathleen",1897-03-16,,,Arrived Marseilles 10 am [illegible] + on to Nice. Arrived 3:30. Grand Hotel des Anglais. Delightful [illegible] but rainy day. waves tumbling on the beach. Went for walk looked at shops [] went to Cooks for letters. Very comfortable hotel. Lots English. Baileys [] + Mrs Nicholls. Most perfect moonlight night. Window by the sea.,"Promenade des Anglais; Diary; O'Reilly,Kathleen","Nice, Italy",43.69514783,7.268216934,BC Archives,"MS-2894, Box 24, File 7",Image;StillImage,image/jpg,eng,,,image,https://tdjacklin.ca/wp-content/uploads/CollectionBuilder/kdiary97_2.jpg,https://tdjacklin.ca/wp-content/uploads/CollectionBuilder/small/kdiary97_2_sm.jpg,https://tdjacklin.ca/wp-content/uploads/CollectionBuilder/thumbs/kdiary97_2_th.jpg,
kdiary97_3,kdiary97_1,Kathleen O'Reilly Diary,"O'Reilly, Kathleen",1897-03-19,,,Bright hot day. Josephine & I went to Market - purchased flowers to send to England. bought photos. After lunch went by electric train to ___ just in time to see the ____ drive out with Princesses H___ + Louis of Battenberg. Lovely view of Nice the sea fr. terrace. Had Tea in Hotel. Shohe to the Lock___ Walked _ ____ long hot way. After dinner walked by the sea. Promenade des Anglais.,"Promenade des Anglais; Diary; O'Reilly,Kathleen","Nice, Italy",43.69514783,7.268216934,BC Archives,"MS-2894, Box 24, File 7",Image;StillImage,image/jpg,eng,,,image,https://tdjacklin.ca/wp-content/uploads/CollectionBuilder/kdiary97_3.jpg,https://tdjacklin.ca/wp-content/uploads/CollectionBuilder/small/kdiary97_3_sm.jpg,https://tdjacklin.ca/wp-content/uploads/CollectionBuilder/thumbs/kdiary97_3_th.jpg,
kdiary97_4,kdiary97_1,Kathleen O'Reilly Diary,"O'Reilly, Kathleen",1897-03-20,,,"Left Nice 10.10 am Train for Genoa. Very Early at station. Most [] beautiful [scene]. Lovely weather. Pass Villa Franca. H.M.S. S[t]ambrian at anchor. [Beaches] Monaco, Monte Carlo. [Cap M_  __ __]/Italian [] + custom house struggle. [] San [Reins] Savona. A perfect [] for the eyes the beauty of the sea + land, Mountains, villas, olive yards, orange groves, vineyards. Picturesque [] [] + []. many yatchs. The [] blue mediteranean! captivating + tantalizing []! Arrived Grant Hotel []. After taken [] [] drove til [] [hard to read]",,"Genoa, Italy",,,BC Archives,"MS-2894, Box 24, File 7",Image;StillImage,image/jpg,eng,,,image,https://tdjacklin.ca/wp-content/uploads/CollectionBuilder/kdiary97_4.jpg,https://tdjacklin.ca/wp-content/uploads/CollectionBuilder/small/kdiary97_4_sm.jpg,https://tdjacklin.ca/wp-content/uploads/CollectionBuilder/thumbs/kdiary97_4_th.jpg,
kdiary97_5,kdiary97_1,Kathleen O'Reilly Diary,"O'Reilly, Kathleen",1897-03-21,,,Delighted. Written. Genoa. Most perfectly bight warm day. Drove to new church. [] pf S. [] most beautiful []. More lovely than any I have ever seen. ,,,,,,,,,,,,image,https://tdjacklin.ca/wp-content/uploads/CollectionBuilder/kdiary97_5.jpg,https://tdjacklin.ca/wp-content/uploads/CollectionBuilder/small/kdiary97_5_sm.jpg,https://tdjacklin.ca/wp-content/uploads/CollectionBuilder/thumbs/kdiary97_5_th.jpg,
kdiary97_6,kdiary97_1,Kathleen O'Reilly Diary,"O'Reilly, Kathleen",1897-03-22,,,After breakfast went to Shops to buy feligree work. Saw it made. Some lovely things. Left by 12 train for Pisa. Arrived about 5. [] uncomfortable journey. [] 80 [] tunnels!!,,"Genoa, Italy; Pisa, Italy; Rome, Italy",,,BC Archives,"MS-2894, Box 24, File 7",Image;StillImage,image/jpg,eng,,,image,https://tdjacklin.ca/wp-content/uploads/CollectionBuilder/kdiary97_6.jpg,https://tdjacklin.ca/wp-content/uploads/CollectionBuilder/small/kdiary97_6_sm.jpg,https://tdjacklin.ca/wp-content/uploads/CollectionBuilder/thumbs/kdiary97_6_th.jpg,
kdiary97_7,kdiary97_1,Kathleen O'Reilly Diary,"O'Reilly, Kathleen",1897-03-23,,,Pisa to Rome,,,,,,,,,,,,image,https://tdjacklin.ca/wp-content/uploads/CollectionBuilder/kdiary97_7.jpg,https://tdjacklin.ca/wp-content/uploads/CollectionBuilder/small/kdiary97_7_sm.jpg,https://tdjacklin.ca/wp-content/uploads/CollectionBuilder/thumbs/kdiary97_7_th.jpg,
kdiary97_8,kdiary97_1,Kathleen O'Reilly Diary,"O'Reilly, Kathleen",1897-03-24,,,Went with Uncle Joe to try for [rooms] at Grand Hotel. Got a lot of letters from Cooks. Return back to Hotel for Lunch. Lovely [] [] day. Delighted with Rome. Drove in afternoon. Saw[] from high ground. Monastary with beautiful staue of _asso. Went to St. Peter's Splendid [] cathedral. Drove in the park. Saw the king. Very enjoyable day. Beautiful weather. After dinner wrote letters.,,"Rome, Italy",,,BC Archives,"MS-2894, Box 24, File 7",Image;StillImage,image/jpg,eng,,,image,https://tdjacklin.ca/wp-content/uploads/CollectionBuilder/kdiary97_8.jpg,https://tdjacklin.ca/wp-content/uploads/CollectionBuilder/small/kdiary97_8_sm.jpg,https://tdjacklin.ca/wp-content/uploads/CollectionBuilder/thumbs/kdiary97_8_th.jpg,
letter1,,"Letter, Kathleen to Caroline","O'Reilly, Kathleen",1897-02-02,,https://www.vilocalhistory.ca/wiki/kathleen-to-caroline-london-february-2-1897/,,"Rome, Italy",,,,BC Archives; Vancouver Island Local History Society,,,,,,,record,,,,
letter2,,"Letter, Kathleen to Peter","O'Reilly, Kathleen",1897-02-23,,https://www.vilocalhistory.ca/wiki/kathleen-to-peter-caroline-february-23-1897/,,"Rome, Italy; Court Presentation",,,,BC Archives; Vancouver Island Local History Society,,,,,,,record,,,,
letter3,,"Letter, Kathleen to Peter","O'Reilly, Kathleen",1897-03-10,,https://www.vilocalhistory.ca/wiki/kathleen-to-peter-london-march-10-1897/,,,"Nice, Italy",,,BC Archives; Vancouver Island Local History Society,,,,,,,record,,,,
cletter_1a,,"Letter, Caroline to Kathleen","O'Reilly, Caroline",1897-03-12,,,,,,,,BC Archives,"MS-2894, Box 27, File 3",,,,,,compound_object,https://tdjacklin.ca/wp-content/uploads/CollectionBuilder/cletter_1a.jpg,https://tdjacklin.ca/wp-content/uploads/CollectionBuilder/small/cletter_1a_sm.jpg,https://tdjacklin.ca/wp-content/uploads/CollectionBuilder/thumbs/cletter_1a_th.jpg,
cletter_1b,cletter_1a,"Letter, Caroline to Kathleen","O'Reilly, Caroline",1897-03-12,,,,,,,,,,,,,,,image,https://tdjacklin.ca/wp-content/uploads/CollectionBuilder/cletter_1b.jpg,https://tdjacklin.ca/wp-content/uploads/CollectionBuilder/small/cletter_1b_sm.jpg,https://tdjacklin.ca/wp-content/uploads/CollectionBuilder/thumbs/cletter_1b_th.jpg,
cletter_1c,cletter_1a,"Letter, Caroline to Kathleen","O'Reilly, Caroline",1897-03-12,,,,,,,,,,,,,,,image,https://tdjacklin.ca/wp-content/uploads/CollectionBuilder/cletter_1c.jpg,https://tdjacklin.ca/wp-content/uploads/CollectionBuilder/small/cletter_1c_sm.jpg,https://tdjacklin.ca/wp-content/uploads/CollectionBuilder/thumbs/cletter_1c_th.jpg,
cletter_1d,cletter_1a,"Letter, Caroline to Kathleen","O'Reilly, Caroline",1897-03-12,,,,,,,,,,,,,,,image,https://tdjacklin.ca/wp-content/uploads/CollectionBuilder/cletter_1d.jpg,https://tdjacklin.ca/wp-content/uploads/CollectionBuilder/small/cletter_1d_sm.jpg,https://tdjacklin.ca/wp-content/uploads/CollectionBuilder/thumbs/cletter_1d_th.jpg,
cletter_1e,cletter_1a,"Letter, Caroline to Kathleen","O'Reilly, Caroline",1897-03-12,,,,,,,,,,,,,,,image,https://tdjacklin.ca/wp-content/uploads/CollectionBuilder/cletter_1e.jpg,https://tdjacklin.ca/wp-content/uploads/CollectionBuilder/small/cletter_1e_sm.jpg,https://tdjacklin.ca/wp-content/uploads/CollectionBuilder/thumbs/cletter_1e_th.jpg,
cletter_1f,cletter_1a,"Letter, Caroline to Kathleen","O'Reilly, Caroline",1897-03-12,,,,,,,,,,,,,,,image,https://tdjacklin.ca/wp-content/uploads/CollectionBuilder/cletter_1f.jpg,https://tdjacklin.ca/wp-content/uploads/CollectionBuilder/small/cletter_1f_sm.jpg,https://tdjacklin.ca/wp-content/uploads/CollectionBuilder/thumbs/cletter_1f_th.jpg,
cletter_1g,cletter_1a,"Letter, Caroline to Kathleen","O'Reilly, Caroline",1897-03-12,,,,,,,,,,,,,,,image,https://tdjacklin.ca/wp-content/uploads/CollectionBuilder/cletter_1g.jpg,https://tdjacklin.ca/wp-content/uploads/CollectionBuilder/small/cletter_1g_sm.jpg,https://tdjacklin.ca/wp-content/uploads/CollectionBuilder/thumbs/cletter_1g_th.jpg,
cletter_1h,cletter_1a,"Letter, Caroline to Kathleen","O'Reilly, Caroline",1897-03-12,,,,,,,,,,,,,,,image,https://tdjacklin.ca/wp-content/uploads/CollectionBuilder/cletter_1h.jpg,https://tdjacklin.ca/wp-content/uploads/CollectionBuilder/small/cletter_1h_sm.jpg,https://tdjacklin.ca/wp-content/uploads/CollectionBuilder/thumbs/cletter_1h_th.jpg,
kletter_1a,,"Letter, Kathleen to Caroline","O'Reilly, Kathleen",1897-03-14,,,"Grand Hotel
Boulevard Capugines 12
Paris
14 March 1897 posted 15th March
You did not enclose Mrs Bak[]'s daughter's addrtess in Rome but I will look her out, I think her house is 03eudeu + he is chaplain there is he not?
My dear Mother,
Fancy my writing to you from Paris on sunday afternoon! I sent a rather hurried letter to dear Father from Baileys to wish him many happy returns of his birthday. It was rather a rush in London. I wentr to call on Caline Seymorers + saw May on Thursday then walked to Mrs Seymours + had a very pleasant visit. She always has visitors at tea time. [] G Stapleton is always there. She has heard fr. you + could not realize such grand buildings in Victoria as the New Govt ones. They say I never stay in London long enough for there to be [] to me + laughed when I said I was off to Folkestone. The next morning when I got back to the Hotel I got a note fr. May Seymour",Grand Hotel,"Paris, France",,,BC Archives,"MS-2894, Box 45, File 10",,,,,,compound_object,https://tdjacklin.ca/wp-content/uploads/CollectionBuilder/kletter_1a.jpg,https://tdjacklin.ca/wp-content/uploads/CollectionBuilder/small/kletter_1a_sm.jpg,https://tdjacklin.ca/wp-content/uploads/CollectionBuilder/thumbs/kletter_1a_th.jpg,
kletter_1b,kletter_1a,"Letter, Kathleen to Caroline","O'Reilly, Kathleen",1897-03-14,,,"crossing and came ou direct to this hotel, arriving about 6pm. After dinner I proposed a walk to see the street etc. + then after much persuasion we induced Uncle Joe to take us ino the opera house. It was a struggle. You will be amused to hear that I don't think he would have consented but I got something in my right eyue + I think he really thought I was crying with disappointment when I scrubbed it!! Eventually, we got places in a box in the second tier from the top + were rewarded for going. The singing especially the tenor was delightful and it was beautifully put on the state. The dresses + scenery lovely ""La favourita"" Douizetti's opera. We only say the two last acts but it was well worth it. How I wish you had been there + were with us now. After the opera was over thjere were two acts of Ballet. I have never seen one before the real old fashioned kind with a story running through it + there seemed to be hundreds of people on the stage Uncle Joe owwed that he enjoyed it much + says he thinks the principle dancer was as",,,,,,,,,,,,image,https://tdjacklin.ca/wp-content/uploads/CollectionBuilder/kletter_1b.jpg,https://tdjacklin.ca/wp-content/uploads/CollectionBuilder/small/kletter_1b_sm.jpg,https://tdjacklin.ca/wp-content/uploads/CollectionBuilder/thumbs/kletter_1b_th.jpg,
kletter_1c,kletter_1a,"Letter, Kathleen to Caroline","O'Reilly, Kathleen",1897-03-14,,,saying Lady S. was not well + [] [] + take her place at dinner/a party of sixteen. I dressed in a hurry + rushed off was almost the first to arrive. It was a very pleasent party + beautiful dinner very well done. Lots of nice servants. Sir M. very friendly + bright. He us very [] for Father to come to England. There were a Sir _ + Lady Bedford. The [] Mr + Mrs went Mrs Cerbuthurst. Lady _ _ a cousin of the Seymourers. Lady Selina + Mr Harvey do you remember her in Victoria? She was very friendly. Has a [],,,,,,,,,,,,image,https://tdjacklin.ca/wp-content/uploads/CollectionBuilder/kletter_1c.jpg,https://tdjacklin.ca/wp-content/uploads/CollectionBuilder/small/kletter_1c_sm.jpg,https://tdjacklin.ca/wp-content/uploads/CollectionBuilder/thumbs/kletter_1c_th.jpg,
kletter_1d,kletter_1a,"Letter, Kathleen to Caroline","O'Reilly, Kathleen",1897-03-14,,,Jack took me in to dinner + I had a very pleasant dinner. He made particular inquireies for our Jack + said he wd so like to see Nice again. The wet day/Friday/ we all went down to Folkestone. I stayed with Carry + Uncle + Josephine were at [_cliffe]. The [] is looking so nice + well lit it might last how happy it wd be. He has been well over since. I left in [],,,,,,,,,,,,image,https://tdjacklin.ca/wp-content/uploads/CollectionBuilder/kletter_1d.jpg,https://tdjacklin.ca/wp-content/uploads/CollectionBuilder/small/kletter_1d_sm.jpg,https://tdjacklin.ca/wp-content/uploads/CollectionBuilder/thumbs/kletter_1d_th.jpg,
kletter_1e,kletter_1a,"Letter, Kathleen to Caroline","O'Reilly, Kathleen",1897-03-14,,,,,,,,,,,,,,,image,https://tdjacklin.ca/wp-content/uploads/CollectionBuilder/kletter_1e.jpg,https://tdjacklin.ca/wp-content/uploads/CollectionBuilder/small/kletter_1e_sm.jpg,https://tdjacklin.ca/wp-content/uploads/CollectionBuilder/thumbs/kletter_1e_th.jpg,
kletter_1f,kletter_1a,"Letter, Kathleen to Caroline","O'Reilly, Kathleen",1897-03-14,,,"good as the great []/ I don;t know if it should be spelt so/ Uncle Joe does not seem to kow Paris very well. He had [] been in the Opera house + could not understand why I wanted to go. He thought it wd be like any other theatre but it looked really splendid last night. All the grand staircase et. He must have been delighted for he says we must go again on the way back from Rome. Today has not been a bit like Sunday. Jack now writing after dinner. [][][] After breakfast we walked to La Madeline Place de la Concorde + to the Louvre Picture Gallery, saw a good deal of the latter + drove back to the Dejeuner a la Fourchette, this hotel is quite close to the Opera House. Unfortuenately the drizzling mist of the morning had turned into a steady rain. Such a pity but we drove off to Les [] to see Napoleons [] + the chuirch behind it which I don't remember going to with you. Also a wonderful collection of [] in beautiful order for men + horses, I had not seen such before",,,,,,,,,,,,image,https://tdjacklin.ca/wp-content/uploads/CollectionBuilder/kletter_1f.jpg,https://tdjacklin.ca/wp-content/uploads/CollectionBuilder/small/kletter_1f_sm.jpg,https://tdjacklin.ca/wp-content/uploads/CollectionBuilder/thumbs/kletter_1f_th.jpg,
kletter_1g,kletter_1a,"Letter, Kathleen to Caroline","O'Reilly, Kathleen",1897-03-14,,,"except in pictures + was much impressed by the the beautiful workmanship of it + the suits of chain armour. From there we went to Notre Dame but with the dark rainy day + growing twilgiht we did not see it to advantage, I know you will empathize with me when I tell you that there was sucha  crowd of people coming out that we could hardly get in. A service must just have come to an end. It was a rather bad looking set of people so I felt in my pocket for my purse + it was not there. I felt miserable + Uncle Joe scolded me for not ahving it sade tho he was very sorry + sympathetic for me. I had a little over £6 in it. I felt sure I had put it in my pockled before conming out as I thought we might fo to Bon Marelie + get the gloves you asked me to get and had taken out the money for that purpose. You can imagine my releif to find my purse with its contents lying safely on the dressing table in my room when we returned to the hotel!! It seems funny to write all this does it not? This hotel is very gay. worse [so] than all American one. The people to be ",,,,,,,,,,,,image,https://tdjacklin.ca/wp-content/uploads/CollectionBuilder/kletter_1g.jpg,https://tdjacklin.ca/wp-content/uploads/CollectionBuilder/small/kletter_1g_sm.jpg,https://tdjacklin.ca/wp-content/uploads/CollectionBuilder/thumbs/kletter_1g_th.jpg,
kletter_1h,kletter_1a,"Letter, Kathleen to Caroline","O'Reilly, Kathleen",1897-03-14,,,,,,,,,,,,,,,image,https://tdjacklin.ca/wp-content/uploads/CollectionBuilder/kletter_1h.jpg,https://tdjacklin.ca/wp-content/uploads/CollectionBuilder/small/kletter_1h_sm.jpg,https://tdjacklin.ca/wp-content/uploads/CollectionBuilder/thumbs/kletter_1h_th.jpg,
kletter_1i,kletter_1a,"Letter, Kathleen to Caroline","O'Reilly, Kathleen",1897-03-14,,,given us strict instructions not to tell Aunt [] about it. He says I am not to get the gloves at Bon Marche till we are on our way bnack to England as I might have to pay duty in Italy but I am afraid we may wisk through Paris on our return as he says he must be back by the 8th April for Hall [] [] in London on 9th. and he is anxious to stay as long as possible in Rome. We leave for Nice about 9 tonight and travel in wagon de lit. Have breakfast in Marseilles + should reach our destination about 2:30pm tomorrow. I hope we shall be there three days at least + then go to Rome to remain there a week + do as many more places as we can in the time! I am afraid I have not written very much to you lately. Many dea thanks for your nice long letters I meant to have written to [] [] give her my love. I called one knowing to see Mrs Ward at her hotel on my return frtom Ireland but did not see her. I sdaw Mrs Scowdon looking very they talk of returning in May to BC.,,,,,,,,,,,,image,https://tdjacklin.ca/wp-content/uploads/CollectionBuilder/kletter_1i.jpg,https://tdjacklin.ca/wp-content/uploads/CollectionBuilder/small/kletter_1i_sm.jpg,https://tdjacklin.ca/wp-content/uploads/CollectionBuilder/thumbs/kletter_1i_th.jpg,
kletter_1j,kletter_1a,"Letter, Kathleen to Caroline","O'Reilly, Kathleen",1897-03-14,,,"This morning we have been driving about nearly all public places are closed on Mondays to sweep them out after Sunday visitors. We have been again to notre Dame. Seen Eiffle Toer exhibition buildings + [] old churches etc. It is well fortunante it is threatening to rain againl. Uncle Joe has just come to say he is ready to go out if I am am so Goodbye for today. Much love to Father, Frank and Jack and yr dear self, from your loving daughter C Kathering O'Reilly
Did I tell you I had a lond amusing letter from F A G [] some place down South. Miss Godley asked me to tea they are in London. Sloan Street + I had a [] letter from Mrs Garratt Lucy is at [Leancriffe] + [] house in May. such a lot of correspondence for me",,,,,,,,,,,,image,https://tdjacklin.ca/wp-content/uploads/CollectionBuilder/kletter_1j.jpg,https://tdjacklin.ca/wp-content/uploads/CollectionBuilder/small/kletter_1j_sm.jpg,https://tdjacklin.ca/wp-content/uploads/CollectionBuilder/thumbs/kletter_1j_th.jpg,
pletter_1a,,"Letter, Peter to Kathleen","O'Reilly, Peter",1897-03-17,,,,,,,,BC Archives,"MS-2894, Box 27, File 3",,,,,,compound_object,https://tdjacklin.ca/wp-content/uploads/CollectionBuilder/pletter_1a.jpg,https://tdjacklin.ca/wp-content/uploads/CollectionBuilder/small/pletter_1a_sm.jpg,https://tdjacklin.ca/wp-content/uploads/CollectionBuilder/thumbs/pletter_1a_th.jpg,
pletter_1b,pletter_1a,"Letter, Peter to Kathleen","O'Reilly, Peter",1897-03-17,,,,,,,,,,,,,,,image,https://tdjacklin.ca/wp-content/uploads/CollectionBuilder/pletter_1b.jpg,https://tdjacklin.ca/wp-content/uploads/CollectionBuilder/small/pletter_1b_sm.jpg,https://tdjacklin.ca/wp-content/uploads/CollectionBuilder/thumbs/pletter_1b_th.jpg,
pletter_1c,pletter_1a,"Letter, Peter to Kathleen","O'Reilly, Peter",1897-03-17,,,,,,,,,,,,,,,image,https://tdjacklin.ca/wp-content/uploads/CollectionBuilder/pletter_1c.jpg,https://tdjacklin.ca/wp-content/uploads/CollectionBuilder/small/pletter_1c_sm.jpg,https://tdjacklin.ca/wp-content/uploads/CollectionBuilder/thumbs/pletter_1c_th.jpg,
pletter_1d,pletter_1a,"Letter, Peter to Kathleen","O'Reilly, Peter",1897-03-17,,,,,,,,,,,,,,,image,https://tdjacklin.ca/wp-content/uploads/CollectionBuilder/pletter_1d.jpg,https://tdjacklin.ca/wp-content/uploads/CollectionBuilder/small/pletter_1d_sm.jpg,https://tdjacklin.ca/wp-content/uploads/CollectionBuilder/thumbs/pletter_1d_th.jpg,
pletter_1e,pletter_1a,"Letter, Peter to Kathleen","O'Reilly, Peter",1897-03-17,,,,,,,,,,,,,,,image,https://tdjacklin.ca/wp-content/uploads/CollectionBuilder/pletter_1e.jpg,https://tdjacklin.ca/wp-content/uploads/CollectionBuilder/small/pletter_1e_sm.jpg,https://tdjacklin.ca/wp-content/uploads/CollectionBuilder/thumbs/pletter_1e_th.jpg,
pletter_1f,pletter_1a,"Letter, Peter to Kathleen","O'Reilly, Peter",1897-03-17,,,,,,,,,,,,,,,image,https://tdjacklin.ca/wp-content/uploads/CollectionBuilder/pletter_1f.jpg,https://tdjacklin.ca/wp-content/uploads/CollectionBuilder/small/pletter_1f_sm.jpg,https://tdjacklin.ca/wp-content/uploads/CollectionBuilder/thumbs/pletter_1f_th.jpg,
pletter_2a,,"Letter, Peter to Kathleen","O'Reilly, Peter",1897-04-19,,"27th in Rome
https://www.vilocalhistory.ca/wiki/peter-to-kathleen-victoria-bc-april-19-1897/",,,"Rome, Italy",,,BC Archives; Vancouver Island Local History Society,,,,,,,compound_object,https://tdjacklin.ca/wp-content/uploads/CollectionBuilder/pletter_2a.jpg,https://tdjacklin.ca/wp-content/uploads/CollectionBuilder/small/pletter_2a_sm.jpg,https://tdjacklin.ca/wp-content/uploads/CollectionBuilder/thumbs/pletter_2a_th.jpg,
pletter_2b,pletter_2a,"Letter, Peter to Kathleen","O'Reilly, Peter",1897-04-19,,,,,,,,,,,,,,,image,https://tdjacklin.ca/wp-content/uploads/CollectionBuilder/pletter_2b.jpg,https://tdjacklin.ca/wp-content/uploads/CollectionBuilder/small/pletter_2b_sm.jpg,https://tdjacklin.ca/wp-content/uploads/CollectionBuilder/thumbs/pletter_2b_th.jpg,
pletter_2c,pletter_2a,"Letter, Peter to Kathleen","O'Reilly, Peter",1897-04-19,,,,,,,,,,,,,,,image,https://tdjacklin.ca/wp-content/uploads/CollectionBuilder/pletter_2c.jpg,https://tdjacklin.ca/wp-content/uploads/CollectionBuilder/small/pletter_2c_sm.jpg,https://tdjacklin.ca/wp-content/uploads/CollectionBuilder/thumbs/pletter_2c_th.jpg,
pletter_2d,pletter_2a,"Letter, Peter to Kathleen","O'Reilly, Peter",1897-04-19,,,,,,,,,,,,,,,image,https://tdjacklin.ca/wp-content/uploads/CollectionBuilder/pletter_2d.jpg,https://tdjacklin.ca/wp-content/uploads/CollectionBuilder/small/pletter_2d_sm.jpg,https://tdjacklin.ca/wp-content/uploads/CollectionBuilder/thumbs/pletter_2d_th.jpg,
pletter_2e,pletter_2a,"Letter, Peter to Kathleen","O'Reilly, Peter",1897-04-19,,,,,,,,,,,,,,,image,https://tdjacklin.ca/wp-content/uploads/CollectionBuilder/pletter_2e.jpg,https://tdjacklin.ca/wp-content/uploads/CollectionBuilder/small/pletter_2e_sm.jpg,https://tdjacklin.ca/wp-content/uploads/CollectionBuilder/thumbs/pletter_2e_th.jpg,
pletter_2f,pletter_2a,"Letter, Peter to Kathleen","O'Reilly, Peter",1897-04-19,,,,,,,,,,,,,,,image,https://tdjacklin.ca/wp-content/uploads/CollectionBuilder/pletter_2f.jpg,https://tdjacklin.ca/wp-content/uploads/CollectionBuilder/small/pletter_2f_sm.jpg,https://tdjacklin.ca/wp-content/uploads/CollectionBuilder/thumbs/pletter_2f_th.jpg,
kletter_2a,,"Letter, Kathleen to Peter","O'Reilly, Kathleen",1897-03-27,,,"Hotel Bristol
Place Barberini
A prortini (proprietare)
Rome

[Sideways] I received a note from her asking us all to a pic-nic on Tuesday but I Dont fancy Uncle Joe will go as [] [] The lady [] always called on us! Now I must [] With fond Love + best wishes your loving child Pussy O'Reily

My dear dear Father, 
Many happy stories of the day. I hope you [] all quite well and spending a happy bithday and all loving good wishes to you! Many thanks for your nice long letter of 28th Feb received since I arrived here. I am so glad to hear you were all quite well and that dear Frank was still with you. Hopw festive of Mother to have another party. I don't think I have mentioned the last she wrote about. She was so good in telling me all the details. But indeed I have been very remiss about writing since coming abroad. It is nearly a fortnight since I wrote from Paris! Uncle Joe tells me to give you his love + say he is",Hotel Bristol,"Rome, Italy",,,BC Archives,"MS-2894, Box 45, File 10",,,,,,compound_object,https://tdjacklin.ca/wp-content/uploads/CollectionBuilder/kletter_2a.jpg,https://tdjacklin.ca/wp-content/uploads/CollectionBuilder/small/kletter_2a_sm.jpg,https://tdjacklin.ca/wp-content/uploads/CollectionBuilder/thumbs/kletter_2a_th.jpg,
kletter_2b,kletter_2a,"Letter, Kathleen to Peter","O'Reilly, Kathleen",1897-03-27,,,"the day we went to the English cemetery such a pretty spot + saw Aunt Charlottes grave. The passing [] [] day we were told the crowd were waiting to see the Queen drtive out so we waited a few minutes but we were dissapointed as the Emperor of Austria, Franz Josef came to call on her, so we only saw him go in. Josephine + I were very anxious to see Victoria, so we went another afternoon by ourselves, it was a hot struggle, crowds of people + we only just arrived in time. I think another half minute we should have been too late. We left Nice by [] train on Saturday morning + reached Genoa late in the afternoon. After 6 o'cl. Fable d'hote we went for a drive. I had no idea Genoa would be such a beautiful and interesting place. On Sunday we had perfect weather + were out driving really",,,,,BC Archives,"MS-2894, Box 45, File 10",,,,,,image,https://tdjacklin.ca/wp-content/uploads/CollectionBuilder/kletter_2b.jpg,https://tdjacklin.ca/wp-content/uploads/CollectionBuilder/small/kletter_2b_sm.jpg,https://tdjacklin.ca/wp-content/uploads/CollectionBuilder/thumbs/kletter_2b_th.jpg,
kletter_2d,kletter_2a,"Letter, Kathleen to Peter","O'Reilly, Kathleen",1897-03-27,,,"not going to write to you because I tell you everything + because you have not written to him for a year! He particularly told me to say 'a year'! I cannot begin to tell you everything since the last letter because it might fill a book!! We left Paris on the Monday evening + travelled in wagon lit to Marseilles arriving there 10am. Had breakfast and started for Nice arrived there 3:30 Cha[] hotel close to and facing the sea on the promenade des Anglais. It is such a bright gay place. Josephine + I were delighted. Of course we found it very [] + every place has been so, since we left Paris. The flowers are lovely, we sent some to England + Carry said they arrived beautifully fresh + sweet. They day we spend driving to Monte Carlo + back. Most Lovely drive, called Corniche Rd over the mountains we had Lunch at the fashionable hotel and then went to see the gambling",,,,,BC Archives,"MS-2894, Box 45, File 10",,,,,,image,https://tdjacklin.ca/wp-content/uploads/CollectionBuilder/kletter_2d.jpg,https://tdjacklin.ca/wp-content/uploads/CollectionBuilder/small/kletter_2d_sm.jpg,https://tdjacklin.ca/wp-content/uploads/CollectionBuilder/thumbs/kletter_2d_th.jpg,
kletter_2c,kletter_2a,"Letter, Kathleen to Peter","O'Reilly, Kathleen",1897-03-27,,,"it was most interesting but was not a particularly exciting day at the tables as there was a concert going on at which most of the [] people were assembled. Monte Carlo is a most lovely place and the drive back by the lower road along the sea is lovely. H.M.S 'Cambrian' looked very peaceful lyuing at ville Franche as grand ship for our [] who is at []. Prince Louis of Battenburg + Mr Williamson are among the officers. Sir Michael S told me to let the later know when I reachesd Nice and as I said I did not like to, he wrote, and I received the enclosed note after I arrived here (fprwarded from hotel des Anglais) it seemed a pity we missed it as it might have been more amusing if he had gone with us to Monte Carlo or some excursion. I suppose the people at the hotel did not understand about my name. Very stupid of them!",,,,,BC Archives,"MS-2894, Box 45, File 10",,,,,,image,https://tdjacklin.ca/wp-content/uploads/CollectionBuilder/kletter_2c.jpg,https://tdjacklin.ca/wp-content/uploads/CollectionBuilder/small/kletter_2c_sm.jpg,https://tdjacklin.ca/wp-content/uploads/CollectionBuilder/thumbs/kletter_2c_th.jpg,
kletter_2f,kletter_2a,"Letter, Kathleen to Peter","O'Reilly, Kathleen",1897-03-27,,,"wd be enthusiastic about them + I persisted in buying a little piece of sculpture, wh. I know have to carry everywhere in my hand much to Uncle Joe's disgust! I hope it will look pretty at P Ellice. The railway journey from Nice is perfectly lovely along the shores of the Medeterranean, but made tantalising bu hundreds of tunnells. Most disagreeable a tunnell for every [fromentory] cannot tell you anything about Rome as it is late + this must be posted tonight. We arrived here at midnight on Tuesday having left Pisa at 5 pm. Everything here is intensely interesting. I am afraid Uncle Joe is going to hurry back to London by 8th April. I wish he would stay ten days longer. I have had so many notes to answer since I came here. Lady Mac. wants us to stay with her + Etty Pain. I enclose Mrs Garratts it may interest you. I wrote to Mrs Baker's daughter + her husband. Mr [] called on Uncle Joe, this morning.","Genoa, Italy; Pisa, Italy; Rome, Italy; Nice, Italy",,,,BC Archives,"MS-2894, Box 45, File 10",,,,,,image,https://tdjacklin.ca/wp-content/uploads/CollectionBuilder/kletter_2f.jpg,https://tdjacklin.ca/wp-content/uploads/CollectionBuilder/small/kletter_2f_sm.jpg,https://tdjacklin.ca/wp-content/uploads/CollectionBuilder/thumbs/kletter_2f_th.jpg,
kletter_2e,kletter_2a,"Letter, Kathleen to Peter","O'Reilly, Kathleen",1897-03-27,,,"all day. In the morning to see a most beautiful church and splendid palace. The latter full of pictures + other lovely + []aluable things. Most interesting Genoa is full of these magnificent marble palaces most of them built by members of the nobility but now viewed by the nation as [] []. The one we went to is occupied by a prince + his family. Everything in this country is marble + very beautiful it is. After lunch we drove with a guide to the Camp Santo, a most [] cemetary. Soemthing like Cloisters filled with marble monumnets in [] of the dead, but nearly all representing living persons grieving for them. For instance if a man had died, the monument erected to his memory wil be a group (life like) in marble","Genoa, Italy",,,,BC Archives,"MS-2894, Box 45, File 10",,,,,,image,https://tdjacklin.ca/wp-content/uploads/CollectionBuilder/kletter_2e.jpg,https://tdjacklin.ca/wp-content/uploads/CollectionBuilder/small/kletter_2e_sm.jpg,https://tdjacklin.ca/wp-content/uploads/CollectionBuilder/thumbs/kletter_2e_th.jpg,
kletter_2g,kletter_2a,"Letter, Kathleen to Peter","O'Reilly, Kathleen",1897-03-27,,,of his wife + family There were some extrodinary things pointed out by the guide. We drove to differnet parts of Genoa + had lovely views + went to a most lovely + romantic old garden terrace to the top of a hill. Lovely flowers fountains arrange trees + tropical vegetation all arranged in perfect taste quite a place to dream about. The Meditterarnean is most exquistely blue under an Italian sky. On Monday we went to a shop + saw how they do the filigree work. I bought a little thing or two + Uncle Jow gave Josephine two lovely pieces. It is wonderful how he spoils her. She can buy anything she wants + 'is not to say any thanks'. He says he does not wish it under the relationship  they haver together and is not to ask him if she can have anything brought to her in the hotel but [] it for herself. I am afraid it will be very hard for her if she ,"Genoa, Italy","Genoa, Italy",,,BC Archives,"MS-2894, Box 45, File 10",,,,,,image,https://tdjacklin.ca/wp-content/uploads/CollectionBuilder/kletter_2g.jpg,https://tdjacklin.ca/wp-content/uploads/CollectionBuilder/small/kletter_2g_sm.jpg,https://tdjacklin.ca/wp-content/uploads/CollectionBuilder/thumbs/kletter_2g_th.jpg,
kletter_2h,kletter_2a,"Letter, Kathleen to Peter","O'Reilly, Kathleen",1897-03-27,,,loses him + can not have the means to live as she does now. We left Genoa by 12 train + arrived a few hours after at Pisa which is most interesting. We drove about before dinner + had a look at the Catyhedral + town etc.  but did not do it thoroughly until the next day. [] the first thing we did was to ascend the learning tower. I felt giddy at such a height + Josephine made me very newveous especially as she is very [] + had a violent discussion with Uncle Joe on the top because he wd hold on to the tail of her jacket. We have some very funny scenes. Theya re so ofrten like two children or like he + poor aunt Julia used to behave. I think he must enjoy it! On the way to Pisa one passes the Carara Marble quaries + everywhere one sees the most beautiful things made in marble. I know dear Mother,"Genoa, Italy; Pisa, Italy",,,,BC Archives,"MS-2894, Box 45, File 10",,,,,,image,https://tdjacklin.ca/wp-content/uploads/CollectionBuilder/kletter_2h.jpg,https://tdjacklin.ca/wp-content/uploads/CollectionBuilder/small/kletter_2h_sm.jpg,https://tdjacklin.ca/wp-content/uploads/CollectionBuilder/thumbs/kletter_2h_th.jpg,
chestletter_1,,Letter to Kathleen,,1897-03-28,,,c/o Thomas Cook & Son,,"Rome, Italy",,,BC Archives,"MS-2894, Box 25, File 16",,,,,,Multiple,https://tdjacklin.ca/wp-content/uploads/CollectionBuilder/chestletter_1.jpg,https://tdjacklin.ca/wp-content/uploads/CollectionBuilder/small/chestletter_1_sm.jpg,https://tdjacklin.ca/wp-content/uploads/CollectionBuilder/thumbs/chestletter_1_th.jpg,
chestletter_2,chestletter_1,,,,,,,,,,,,,,,,,,image,https://tdjacklin.ca/wp-content/uploads/CollectionBuilder/chestletter_2.jpg,https://tdjacklin.ca/wp-content/uploads/CollectionBuilder/small/chestletter_2_sm.jpg,https://tdjacklin.ca/wp-content/uploads/CollectionBuilder/thumbs/chestletter_2_th.jpg,
chestletter_3,chestletter_1,,,,,,,,,,,,,,,,,,image,https://tdjacklin.ca/wp-content/uploads/CollectionBuilder/chestletter_3.jpg,https://tdjacklin.ca/wp-content/uploads/CollectionBuilder/small/chestletter_3_sm.jpg,https://tdjacklin.ca/wp-content/uploads/CollectionBuilder/thumbs/chestletter_3_th.jpg,
chestletter_4,chestletter_1,,,,,,,,,,,,,,,,,,image,https://tdjacklin.ca/wp-content/uploads/CollectionBuilder/chestletter_4.jpg,https://tdjacklin.ca/wp-content/uploads/CollectionBuilder/small/chestletter_4_sm.jpg,https://tdjacklin.ca/wp-content/uploads/CollectionBuilder/thumbs/chestletter_4_th.jpg,
kletter_3a,,"Letter, Kathleen to Parents","O'Reilly, Kathleen",1897-04-07,,,"Hotel Bristol
A. Castellani, Pre
Florence, 7th April 1897

My dear Father + Mother,
I seem to have been sensding you very disjointed epistles from time to time on our journeyings. I am distressed to hear of the cold weather + snow you have had at home in March, so late in the Spring for it to come + I hope + pray you are all leeping well + have [] any ill effects from the cold. it seems unfortunate that I have not been in London to arrange about Uncle John taking out things for you but perhaps there may still be time. uncle Joe wants to be in London by the evening of 20th and I think had not decided where he is going to take [] [] [] are at Baileys. It seems a pitty that dear","Pisa, italy","Florence, Italy",,,BC Archives,"MS-2894, Box 45, File 10",,,,,,Compound_object,https://tdjacklin.ca/wp-content/uploads/CollectionBuilder/kletter_3a.jpg,https://tdjacklin.ca/wp-content/uploads/CollectionBuilder/small/kletter_3a_sm.jpg,https://tdjacklin.ca/wp-content/uploads/CollectionBuilder/thumbs/kletter_3a_th.jpg,
kletter_3b,kletter_3a,Page 4,"O'Reilly, Kathleen",1899-12-30,,,"on his way back to the [] the Royal Palace. We were none the worse for the outing + it was a great thing to have seen. On Tuesday we left Rome at 9:30 + arrived here 2:30. Had lunch in a dining car. It is a lovely trtip by raile + we are perfectly enchanted with Florence. This hotel like the one we were in at Pisa is on the [LungGreed] that is on the backs or beside the [Arres] I cannot describe the picturesqueness of it under the blue sky with its quant old buildings + the bridges. The colours of which would sound bright if one [] there buyt which in reality are mellowed to perfection. (Directly we arrived we went for a drive to get a general view of the place + wherever we go our first outing is to Cook's office to [] for letters! I got one from Jack, one from Carry asking me to stay with them on my way back to London and",,,,,BC Archives,"MS-2894, Box 45, File 10",,,,,,Image,https://tdjacklin.ca/wp-content/uploads/CollectionBuilder/kletter_3b.jpg,https://tdjacklin.ca/wp-content/uploads/CollectionBuilder/small/kletter_3b_sm.jpg,https://tdjacklin.ca/wp-content/uploads/CollectionBuilder/thumbs/kletter_3b_th.jpg,
kletter_3c,kletter_3a,Page 2,"O'Reilly, Kathleen",1899-12-30,,,"Mother;s silk (red shot) is in one of them, but the velvet is in Scotter's care.
We did not leave Rome six Monday morning We had as intended because Uncle Joe had a cold + the weather was changable + wet. but we persuaded him to come here yesterday + I think he has benefitted by the change of air for he is certainly much better. On Sunday afternoon we did not go to tea with the [Frisk] people but with some charming Italian ladies at the Grand hotel. They live in Florence + came here on Monday. We are to visit them tomorrow.
The King opened Parliament in person on Monday morning + Josephine + I issued forth to see the procession which was really very splendid. [] had a tiresome long wait for it and flowed that to see anything we must discharge our [cabweake] + go on goot in the crowd as carriages were not allowed in the Piazza near the Parliament buildings + there was a double row of soldiers everywhere!",,,,,BC Archives,"MS-2894, Box 45, File 10",,,,,,image,https://tdjacklin.ca/wp-content/uploads/CollectionBuilder/kletter_3c.jpg,https://tdjacklin.ca/wp-content/uploads/CollectionBuilder/small/kletter_3c_sm.jpg,https://tdjacklin.ca/wp-content/uploads/CollectionBuilder/thumbs/kletter_3c_th.jpg,
kletter_3d,kletter_3a,Page 3,"O'Reilly, Kathleen",1899-12-30,,,"There [] a chair to stand on from a man in the crowd which was splendid. I thought as I could see over the heads of the poeple in front but Josephine wd not have one so I don't think she saw much. The [] is very gracious + beautiful. There were a great many gorgeous [] + gold glass coaches with all the foot men in scarlet + the hourses with white plumes. The queens' procession came about ten minutes before the Kings. The princess of Naples was with the Queen + her mother the Duchess of Genoa in another coach. The mounted soldiers were splendid on their black chargers. They were as magnifiecnt as the Horse Guards in London. At first in waiting we were exhausted with the heat of the [] Fortunately I had my big umbrtella, we were so pleased with the pageant that we dediced to wait + see the return but by that time it had clouded over + the rainm was [] us in a downpour when the King passed",,,,,BC Archives,"MS-2894, Box 45, File 10",,,,,,image,https://tdjacklin.ca/wp-content/uploads/CollectionBuilder/kletter_3d.jpg,https://tdjacklin.ca/wp-content/uploads/CollectionBuilder/small/kletter_3d_sm.jpg,https://tdjacklin.ca/wp-content/uploads/CollectionBuilder/thumbs/kletter_3d_th.jpg,
kletter_3e,kletter_3a,Page 8,"O'Reilly, Kathleen",1899-12-30,,,"are well dressed, look good [] + have beautiful carriages + horses. Yesterday we saw the Prince + Princess of Naples driving there. The day before yesterday we drove to the top of one of the hills called Certosa where there is a beautiful monestary. The views by the way are more lvoely than I can describe. This is Sunday morning + we are starting for Venice at 11am. I don't know why Uncle Joe decided to travel today. The weather is perfect and we are looking forward to Venice. Much love to you all dears. 
From your loving daughter
Kathleen OReilly",,"Venice, Italy",,,BC Archives,"MS-2894, Box 45, File 10",,,,,,image,https://tdjacklin.ca/wp-content/uploads/CollectionBuilder/kletter_3e.jpg,https://tdjacklin.ca/wp-content/uploads/CollectionBuilder/small/kletter_3e_sm.jpg,https://tdjacklin.ca/wp-content/uploads/CollectionBuilder/thumbs/kletter_3e_th.jpg,
kletter_3f,kletter_3a,Page 5,"O'Reilly, Kathleen",1899-12-30,,,"one from Miss Preston who has gone to Naples, with her mother and promised to get me a toitoise shell comb, which is said to be very inexcpensive there. I always have lettwers to write not it is quite a business. Rome the 'Eternal City' is most interesting but Florence 'Le Bella' appeals to me more. It is so beautiful. This morning we [] at the [Afize] Galllery filled with art trastures including [] + sculptures. Uncle Joe gets rather tired of it + was glad to carry us off to lunch but I was so interested. It is an immense palace, once could continue to go to for months before seeing it all. I really don't kn ow enough about the things or the history of the country + art to appriacte + enjoy it thoroughly + have longed for someone like",,,,,BC Archives,"MS-2894, Box 45, File 10",,,,,,image,https://tdjacklin.ca/wp-content/uploads/CollectionBuilder/kletter_3f.jpg,https://tdjacklin.ca/wp-content/uploads/CollectionBuilder/small/kletter_3f_sm.jpg,https://tdjacklin.ca/wp-content/uploads/CollectionBuilder/thumbs/kletter_3f_th.jpg,
kletter_3g,kletter_3a,Page 6,"O'Reilly, Kathleen",1899-12-30,,,dear old Sir Mathew to act as walking encyclopedia for me! After lunch we drove to a place called Fiesole at the top of a mountain or hill from which one gets a magnificent panoramic view of Florence and the surrounding country. There is so much of interest + beauty everywhere. 11th March. I have not been able to finish my letter before as we have been doing something each day + our Italian frienda have filled up the gaps! They think it is dreadful our leaving Florence today + have begged us to stay and let them show us everthing. They are artists. The water now is perfectly beautiful + Uncle Joe has almost quite lost his cold. We have been seeing churches + galleries in the mornings and taking drives in the afternoon so that we don't really get tired for,,,,,BC Archives,"MS-2894, Box 45, File 10",,,,,,image,https://tdjacklin.ca/wp-content/uploads/CollectionBuilder/kletter_3g.jpg,https://tdjacklin.ca/wp-content/uploads/CollectionBuilder/small/kletter_3g_sm.jpg,https://tdjacklin.ca/wp-content/uploads/CollectionBuilder/thumbs/kletter_3g_th.jpg,
kletter_3h,kletter_3a,Page 7,"O'Reilly, Kathleen",1899-12-30,,,"both the Josephs soon are [] of pictures etc. She always says '[] [] seen enough of this old place let's go home to lunch' which makes him give her a lecture, but really he is just as ready to go himself. I bought [Ruskin] on Florence and have [] the others by insisting on seeing what he says one out to look at here. I must confess in my opinions the most defaced and hideous old scupture + extrodinary frescoes! Still it gave us a mornings ammusment, taught us how well appreciative we are of these old relics + of course part of his book is clever + it is interesting to hear what he thinks. We have twice driven in the park which is beautifully laid out + one sees all the wealth + beauty of Florence between five + six the fashionable hour. They",,,,,BC Archives,"MS-2894, Box 45, File 10",,,,,,image,https://tdjacklin.ca/wp-content/uploads/CollectionBuilder/kletter_3h.jpg,https://tdjacklin.ca/wp-content/uploads/CollectionBuilder/small/kletter_3h_sm.jpg,https://tdjacklin.ca/wp-content/uploads/CollectionBuilder/thumbs/kletter_3h_th.jpg,
cletter_2a,,"Letter, Caroline to Kathleen","O'Reilly, Caroline",1897-05-06,,,"My very dear Kitty,
I am afraid I have been a poor correspondant lately. you must forgive me, my dear child. I have been, I confess, an idle [] given to [] [] [] for I have not seen a novel for weeks [] [] a few + [] I feel if I dont that I have nothing to talk about when I meet people + the weather has tempted me a good deal into the garden. it is all put in order now + ready for the [] + c. we shall have a good ",,,,,BC Archives,"MS-2894, Box 27, File 3",,,,,,Compound_object,https://tdjacklin.ca/wp-content/uploads/CollectionBuilder/cletter_2a.jpg,https://tdjacklin.ca/wp-content/uploads/CollectionBuilder/small/cletter_2a_sm.jpg,https://tdjacklin.ca/wp-content/uploads/CollectionBuilder/thumbs/cletter_2a_th.jpg,
cletter_2b,cletter_2a,"Letter, Caroline to Kathleen","O'Reilly, Caroline",1897-05-06,,,,,,,,,,,,,,,image,https://tdjacklin.ca/wp-content/uploads/CollectionBuilder/cletter_2b.jpg,https://tdjacklin.ca/wp-content/uploads/CollectionBuilder/small/cletter_2b_sm.jpg,https://tdjacklin.ca/wp-content/uploads/CollectionBuilder/thumbs/cletter_2b_th.jpg,
cletter_2c,cletter_2a,"Letter, Caroline to Kathleen","O'Reilly, Caroline",1897-05-06,,,,,,,,,,,,,,,image,https://tdjacklin.ca/wp-content/uploads/CollectionBuilder/cletter_2c.jpg,https://tdjacklin.ca/wp-content/uploads/CollectionBuilder/small/cletter_2c_sm.jpg,https://tdjacklin.ca/wp-content/uploads/CollectionBuilder/thumbs/cletter_2c_th.jpg,
cletter_2d,cletter_2a,"Letter, Caroline to Kathleen","O'Reilly, Caroline",1897-05-06,,,,,,,,,,,,,,,image,https://tdjacklin.ca/wp-content/uploads/CollectionBuilder/cletter_2d.jpg,https://tdjacklin.ca/wp-content/uploads/CollectionBuilder/small/cletter_2d_sm.jpg,https://tdjacklin.ca/wp-content/uploads/CollectionBuilder/thumbs/cletter_2d_th.jpg,
cletter_2e,cletter_2a,"Letter, Caroline to Kathleen","O'Reilly, Caroline",1897-05-06,,,,,,,,,,,,,,,image,https://tdjacklin.ca/wp-content/uploads/CollectionBuilder/cletter_2e.jpg,https://tdjacklin.ca/wp-content/uploads/CollectionBuilder/small/cletter_2e_sm.jpg,https://tdjacklin.ca/wp-content/uploads/CollectionBuilder/thumbs/cletter_2e_th.jpg,
cletter_2f,cletter_2a,"Letter, Caroline to Kathleen","O'Reilly, Caroline",1897-05-06,,,,,,,,,,,,,,,image,https://tdjacklin.ca/wp-content/uploads/CollectionBuilder/cletter_2f.jpg,https://tdjacklin.ca/wp-content/uploads/CollectionBuilder/small/cletter_2f_sm.jpg,https://tdjacklin.ca/wp-content/uploads/CollectionBuilder/thumbs/cletter_2f_th.jpg,
cletter_2g,cletter_2a,"Letter, Caroline to Kathleen","O'Reilly, Caroline",1897-05-06,,,,,,,,,,,,,,,image,https://tdjacklin.ca/wp-content/uploads/CollectionBuilder/cletter_2g.jpg,https://tdjacklin.ca/wp-content/uploads/CollectionBuilder/small/cletter_2g_sm.jpg,https://tdjacklin.ca/wp-content/uploads/CollectionBuilder/thumbs/cletter_2g_th.jpg,
cletter_2h,cletter_2a,"Letter, Caroline to Kathleen","O'Reilly, Caroline",1897-05-06,,,,,,,,,,,,,,,image,https://tdjacklin.ca/wp-content/uploads/CollectionBuilder/cletter_2h.jpg,https://tdjacklin.ca/wp-content/uploads/CollectionBuilder/small/cletter_2h_sm.jpg,https://tdjacklin.ca/wp-content/uploads/CollectionBuilder/thumbs/cletter_2h_th.jpg,
cletter_2i,cletter_2a,"Letter, Caroline to Kathleen","O'Reilly, Caroline",1897-05-06,,,,,,,,,,,,,,,image,https://tdjacklin.ca/wp-content/uploads/CollectionBuilder/cletter_2i.jpg,https://tdjacklin.ca/wp-content/uploads/CollectionBuilder/small/cletter_2i_sm.jpg,https://tdjacklin.ca/wp-content/uploads/CollectionBuilder/thumbs/cletter_2i_th.jpg,
cletter_2j,cletter_2a,"Letter, Caroline to Kathleen","O'Reilly, Caroline",1897-05-06,,,,,,,,,,,,,,,image,https://tdjacklin.ca/wp-content/uploads/CollectionBuilder/cletter_2j.jpg,https://tdjacklin.ca/wp-content/uploads/CollectionBuilder/small/cletter_2j_sm.jpg,https://tdjacklin.ca/wp-content/uploads/CollectionBuilder/thumbs/cletter_2j_th.jpg,
cletter_2k,cletter_2a,"Letter, Caroline to Kathleen","O'Reilly, Caroline",1897-05-06,,,,,,,,,,,,,,,image,https://tdjacklin.ca/wp-content/uploads/CollectionBuilder/cletter_2k.jpg,https://tdjacklin.ca/wp-content/uploads/CollectionBuilder/small/cletter_2k_sm.jpg,https://tdjacklin.ca/wp-content/uploads/CollectionBuilder/thumbs/cletter_2k_th.jpg,
cletter_2l,cletter_2a,"Letter, Caroline to Kathleen","O'Reilly, Caroline",1897-05-06,,,,,,,,,,,,,,,image,https://tdjacklin.ca/wp-content/uploads/CollectionBuilder/cletter_2l.jpg,https://tdjacklin.ca/wp-content/uploads/CollectionBuilder/small/cletter_2l_sm.jpg,https://tdjacklin.ca/wp-content/uploads/CollectionBuilder/thumbs/cletter_2l_th.jpg,
letter4,,"Letter, Peter to Kathleen","O'Reilly, Peter",1897-05-25,,Asks for Photos https://www.vilocalhistory.ca/wiki/peter-to-kathleen-victoria-bc-may-25-1897/,,,,,,BC Archives; Vancouver Island Local History Society,,,,,,,record,,,,
letter5,,"Letter, Peter to Kathleen","O'Reilly, Peter",1897-06-16,,"Asks for Photos
https://www.vilocalhistory.ca/wiki/peter-to-kathleen-victoria-bc-june-16-1897/ ",,,,,,BC Archives; Vancouver Island Local History Society,,,,,,,record,,,,
plist1,,Passenger List,,1887-12-10,,,,RMS Etruria,"Liverpool, England",,,BC Archives,"MS-2894, Box 59, File 5",,,,,,Multiple,https://tdjacklin.ca/wp-content/uploads/CollectionBuilder/plist1.jpg,https://tdjacklin.ca/wp-content/uploads/CollectionBuilder/small/plist1_sm.jpg,https://tdjacklin.ca/wp-content/uploads/CollectionBuilder/thumbs/plist1_th.jpg,
plist2,plist1,,,,,,,,,,,,,,,,,,image,https://tdjacklin.ca/wp-content/uploads/CollectionBuilder/plist2.jpg,https://tdjacklin.ca/wp-content/uploads/CollectionBuilder/small/plist2_sm.jpg,https://tdjacklin.ca/wp-content/uploads/CollectionBuilder/thumbs/plist2_th.jpg,
ticket,,Ticket,,1899-12-13,,,,Steamship Oceanic; White Star Line,,,,BC Archives,"MS-2894, Box 59, File 5",,,,,,image,https://tdjacklin.ca/wp-content/uploads/CollectionBuilder/ticket.jpg,https://tdjacklin.ca/wp-content/uploads/CollectionBuilder/small/ticket_sm.jpg,https://tdjacklin.ca/wp-content/uploads/CollectionBuilder/thumbs/ticket_th.jpg,
cprletter1,,CPR Letter,,1900-12-5,,,,RMS Teutonic; White Star Line,,,,BC Archives,"MS-2894, Box 59, File 5",,,,,,image,https://tdjacklin.ca/wp-content/uploads/CollectionBuilder/cprletter1.jpg,https://tdjacklin.ca/wp-content/uploads/CollectionBuilder/small/cprletter1_sm.jpg,https://tdjacklin.ca/wp-content/uploads/CollectionBuilder/thumbs/cprletter1_th.jpg,
cprletter2,,CPR Letter,,1900-12-18,,,,RMS Teutonic; White Star Line,,,,BC Archives,"MS-2894, Box 59, File 5",,,,,,image,https://tdjacklin.ca/wp-content/uploads/CollectionBuilder/cprletter2.jpg,https://tdjacklin.ca/wp-content/uploads/CollectionBuilder/small/cprletter2_sm.jpg,https://tdjacklin.ca/wp-content/uploads/CollectionBuilder/thumbs/cprletter2_th.jpg,
ad1,,Advertisement,,1900-12-19,,,,RMS Teutonic; White Star Line,,,,BC Archives,"MS-2894, Box 59, File 5",,,,,,image,https://tdjacklin.ca/wp-content/uploads/CollectionBuilder/ad1.jpg,https://tdjacklin.ca/wp-content/uploads/CollectionBuilder/small/ad1_sm.jpg,https://tdjacklin.ca/wp-content/uploads/CollectionBuilder/thumbs/ad1_th.jpg,
map1,,Lac Leman Map,,1900,,,,Lac Léman; Lake Geneva,"Lake Geneva, Switzerland",,,BC Archives,"MS-2894, Box 59, File 5",,,,,,Multiple,https://tdjacklin.ca/wp-content/uploads/CollectionBuilder/map1.jpg,https://tdjacklin.ca/wp-content/uploads/CollectionBuilder/small/map1_sm.jpg,https://tdjacklin.ca/wp-content/uploads/CollectionBuilder/thumbs/map1_th.jpg,
map1a,map1,,,,,,,,,,,,,,,,,,image,https://tdjacklin.ca/wp-content/uploads/CollectionBuilder/map1a.jpg,https://tdjacklin.ca/wp-content/uploads/CollectionBuilder/small/map1a_sm.jpg,https://tdjacklin.ca/wp-content/uploads/CollectionBuilder/thumbs/map1a_th.jpg,
ticket_2,,Thomas Cook Ticket,,,,,,,,,,BC Archives,"MS-2894, Box 59, File 5",,,,,,Multiple,https://tdjacklin.ca/wp-content/uploads/CollectionBuilder/ticket_2.jpg,https://tdjacklin.ca/wp-content/uploads/CollectionBuilder/small/ticket_2_sm.jpg,https://tdjacklin.ca/wp-content/uploads/CollectionBuilder/thumbs/ticket_2_th.jpg,
ticket_2a,ticket_2,,,,,,,,,,,,,,,,,,image,https://tdjacklin.ca/wp-content/uploads/CollectionBuilder/ticket_2a.jpg,https://tdjacklin.ca/wp-content/uploads/CollectionBuilder/small/ticket_2a_sm.jpg,https://tdjacklin.ca/wp-content/uploads/CollectionBuilder/thumbs/ticket_2a_th.jpg,
note_1,,Notes on Hotels from Thomas Cook,,,,,,,,,,BC Archives,,,,,,,Multiple,https://tdjacklin.ca/wp-content/uploads/CollectionBuilder/note_1.jpg,https://tdjacklin.ca/wp-content/uploads/CollectionBuilder/small/note_1_sm.jpg,https://tdjacklin.ca/wp-content/uploads/CollectionBuilder/thumbs/note_1_th.jpg,
note_2,note_1,,,,,,,,,,,,,,,,,,image,https://tdjacklin.ca/wp-content/uploads/CollectionBuilder/note_2.jpg,https://tdjacklin.ca/wp-content/uploads/CollectionBuilder/small/note_2_sm.jpg,https://tdjacklin.ca/wp-content/uploads/CollectionBuilder/thumbs/note_2_th.jpg,
letter6,,"Letter, Kathleen to Frank","O'Reilly, Kathleen",1888-04-20,,https://www.vilocalhistory.ca/wiki/kathleen-to-frank-barcelona-april-20-1888/,,,"Barcelona, Spain",,,BC Archives; Vancouver Island Local History Society,,,,,,,record,,,,
kbudget_1,,Budget Accounts,"O'Reilly, Kathleen",,,,,,,,,BC Archives,"MS-2894, Box 29, File 24",,,,,,image,https://tdjacklin.ca/wp-content/uploads/CollectionBuilder/kbudget_1.jpg,https://tdjacklin.ca/wp-content/uploads/CollectionBuilder/small/kbudget_1_sm.jpg,https://tdjacklin.ca/wp-content/uploads/CollectionBuilder/thumbs/kbudget_1_th.jpg,
kbudget_2,,Budget Accounts,"O'Reilly, Kathleen",,,,,,,,,BC Archives,"MS-2894, Box 29, File 24",,,,,,image,https://tdjacklin.ca/wp-content/uploads/CollectionBuilder/kbudget_2.jpg,https://tdjacklin.ca/wp-content/uploads/CollectionBuilder/small/kbudget_2_sm.jpg,https://tdjacklin.ca/wp-content/uploads/CollectionBuilder/thumbs/kbudget_2_th.jpg,
kbudget_3,,Budget Accounts,"O'Reilly, Kathleen",,,,,,,,,BC Archives,"MS-2894, Box 29, File 24",,,,,,image,https://tdjacklin.ca/wp-content/uploads/CollectionBuilder/kbudget_3.jpg,https://tdjacklin.ca/wp-content/uploads/CollectionBuilder/small/kbudget_3_sm.jpg,https://tdjacklin.ca/wp-content/uploads/CollectionBuilder/thumbs/kbudget_3_th.jpg,
1888diary,,Peter O'Reilly's Diary of 1888,"O'Reilly, Peter",1888,,https://drive.google.com/file/d/15FlK1hetR24gYWKebi4Z59HNGcelFa_H/view,,,"Barcelona, Spain",,,BC Archives; Vancouver Island Local History Society,,,,,,,compound_object,,,,
1888diary1,1888diary,Peter O'Reilly's Diary of 1888,"O'Reilly, Peter",1888-04-02,,,Cold Raw mornng. Rained heavily all the afternoon. ... Busy packing and preparing for Spain,,,,,,,,,,,,record,,,,
1888diary2,1888diary,Peter O'Reilly's Diary of 1888,"O'Reilly, Peter",1888-04-04,,,Very cold day snow & hail Bought tickets from Cook for Carry Puss & self fr. London to Madrid -- Puss fr. Folkestone ...,,,,,,,,,,,,record,,,,
1888diary3,1888diary,Peter O'Reilly's Diary of 1888,"O'Reilly, Peter",1888-04-05,,,"Paid lodging acct servants &c in full Carry & I left by 9-40 C.X. en route to Madrid. Puss joined us at Folkestone, E.W. & C.H. saw us off got passafe to Boulogne -- Dulacque met us. Commision & Guard informed us at the last moment that Puss box could not be forwarded by that train, remained at [illedible] on acct of box H. St Petersburg Rue [Caumartin]",,,,,,,,,,,,record,,,,
1888diary4,1888diary,Peter O'Reilly's Diary of 1888,"O'Reilly, Peter",1888-04-06,,,"Bright but very cold NE wind Did not get out till 11-30. Went with Puss & Carry to Louver Went to Cooks office. Telegraphed about the missing box Dined at Hotel, & left from the Gare d Orleans at 8 PM for Madrid -- train very full slept in train, as best we could",,,,,,,,,,,,record,,,,
1888diary5,1888diary,Peter O'Reilly's Diary of 1888,"O'Reilly, Peter",1888-04-07,,,"Fine day lovely day -- beautiful Breakfast at [left blank] Crossed into Spain at ""Irun"" where we had lunch, & baggage examined Skirted the Pyrenees -- passed Burgos Vittoria &c &c No sleeping cars",,,,,,,,,,,,record,,,,
1888diary6,1888diary,Peter O'Reilly's Diary of 1888,"O'Reilly, Peter",1888-04-08,,,"Arrived at Madris 7AM Put up at Hotel Inglese Revd Whereat called found [left blank] interpreter very obliging & useful. Drove to Bull fight -- Picadoro, Matador. Drove through the principal streets the Prado &c",,,,,,,,,,,,record,,,,
1888diary7,1888diary,Peter O'Reilly's Diary of 1888,"O'Reilly, Peter",1888-04-09,,,"Fine warm day. Revd Whereat & Wife called -- went with them to see the markets, the picture Gallery -- siad to be one of the finest in the world. Drove round the town, the Palace Swaures &c. Whereat dined with us, &saw us off 8 OC fr. Madr Valencia, no sleeping",,,,,,,,,,,,record,,,,
1888diary8,1888diary,Peter O'Reilly's Diary of 1888,"O'Reilly, Peter",1888-04-10,,,A delightful drive through orange & olive groves mulberry trees miles in in great abundance. Reached Valencia at 11 - AM. White & his wife met us & made us very comfortable at their house,,,,,,,,,,,,record,,,,
1888diary9,1888diary,Peter O'Reilly's Diary of 1888,"O'Reilly, Peter",1888-04-11,,,"A delightful day bright & warm Took a short walk with White &  sat in the gardens surrounded by tropical trees -- oranges in full crop &c &c. Mr & Mrs Dart called on us, & with his assistance sent Telegram to Boulogne re box. Very tired & used up all the day",,,,,,,,,,,,record,,,,
1888diary10,1888diary,Peter O'Reilly's Diary of 1888,"O'Reilly, Peter",1888-04-12,,,Lovely warm Spring like day We walked through the market Inspected the Cathedral & audience chamber Moorish carving & guilding. Drove to the Alameda -- the fashionable parade of Valencia,,,,,,,,,,,,record,,,,
1888diary11,1888diary,Peter O'Reilly's Diary of 1888,"O'Reilly, Peter",1888-04-13,,,"Lovely day. Inspected the Rice Market -- some beautiful guilded churches &c called on Mrs. Dart, the [illegible] wife. Mr Issac & his music master played on the Guitar",,,,,,,,,,,,record,,,,
1888diary12,1888diary,Peter O'Reilly's Diary of 1888,"O'Reilly, Peter",1888-04-14,,,"Pic nic Rained heavily all day. Went with the Whites Darts &c to a village & dined at farm house where we had a most extraordinary meal ""Piellia"" -- consisting of Meat, Fish, Snails &c &c &c.",,,,,,,,,,,,record,,,,
1888diary13,1888diary,Peter O'Reilly's Diary of 1888,"O'Reilly, Peter",1888-04-15,,,"Fine day. Service at the Consulate. Witness the Procession of St. Vincente the patron of Valencia. Inspected his house & well wonderful offerings, wonderful offerings, muralles &c &c Bull fight - 17 horses, 9 Bulls, & one man killed",,,,,,,,,,,,record,,,,
1888diary14,1888diary,Peter O'Reilly's Diary of 1888,"O'Reilly, Peter",1888-04-16,,,"Bright warm day. Drove to Rice Mills & beautiful gardens, plucked oranges lemons & quantities of flowers, pink Carnations, Roses Lilacs &c later on went with White to see his guano ware-house -- a flour mill worked by gas. We all dined with Mr & Mrs Dart the Consul - beautiful house played games.",,,,,,,,,,,,record,,,,
1888diary15,1888diary,Peter O'Reilly's Diary of 1888,"O'Reilly, Peter",1888-04-17,,,"A lovely day. With White inspected the markets saw portions of fowl, Swallows Swifts Linnets & other small birds offered for sale joined Puss & Carry who bought Fans &c Went with Isaacs & the White family to the Port. Miss Warrington White & Puss went for a sail in Isaac's Yatch!!! Very large export of wine oranges &c *c Very tired came home alone",,,,,,,,,,,,record,,,,
1888diary16,1888diary,Peter O'Reilly's Diary of 1888,"O'Reilly, Peter",1888-04-18,,,"Lovely day. We all went to the Cigar factory where over 4000 women are employed, cigars all hand made -- some machines turn out 20,000 others 80,000 cigarettes per day. -- Left for Barcelona 11-45. Passed through a lovely country Oranges, lemons, Limes Olives &c &c Sagunto - old fortification. Hanible landed here 1300 yrs BC Reached Barcelona at 8PM",,,,,,,,,,,,record,,,,
1888diary17,1888diary,Peter O'Reilly's Diary of 1888,"O'Reilly, Peter",1888-04-19,,,Carry Seedy,,,,,,,,,,,,record,,,,
1888diary18,1888diary,Peter O'Reilly's Diary of 1888,"O'Reilly, Peter",1888-04-20,,,"Left Barcelona alone at 5AM. White saw me off. Lovely Day. Beautiful Country well cultivated. F-fast at Tarascon. Luggage examined at Corbere French frontier, proceeded along the Coast a charming days journey. At [blank] a wretched woman with 11- packages got into carriage to our great annoyance. Reached Lyons 12-50 PM Put up at Hotel de l'Universe""",,,,,,,,,,,,record,,,,
1888diary19,1888diary,Peter O'Reilly's Diary of 1888,"O'Reilly, Peter",1888-04-21,,,"Up at 6- had a peep at Lyons. Left by 7-15 train change at Culoz, & arrived at Aix at 10-20 Jack turned up immediately having arrived at 12 last night after breakfast 1-OC. Walked with Jack, inspected the baths, went to the river & assertained that there were fish to be had in the Lake. Hotel ""Chateau Durieux"". [overwritten text] Very cold Mountain tops covered with snow",,,,,,,,,,,,record,,,,
1888diary20,1888diary,Peter O'Reilly's Diary of 1888,"O'Reilly, Peter",,1888-04-22: 1888-05-03,"Carry and Puss meet up with him, Peter falls ill for a time",,,,,,,,,,,,,record,,,,
1888diary21,1888diary,Peter O'Reilly's Diary of 1888,"O'Reilly, Peter",1888-05-04,,,"Fine morning. Walked to the baths where I saw the Dr by appointmt After Lunch - breakfast, drove to the great & little Port with Carry & Puss met Jack fishing remained & walked home with him. Very dark cloudy evening, threatening rain",,,,,,,,,,,,record,,,,
1888diary22,1888diary,Peter O'Reilly's Diary of 1888,"O'Reilly, Peter",1888-05-05,,,"A lovely day bright & warm, went with Jack to the Lake where he fished without success till 12 - after lunch Mr Garratt took Jack for an excursion by Rail to [left blank]",,,,,,,,,,,,record,,,,
1888diary23,1888diary,Peter O'Reilly's Diary of 1888,"O'Reilly, Peter",1888-05-06,,,"Lovely day. Church at 10-30 Mrs Lucy Garratt lunched with us, remained in my room all the after-noon. Took a walk with Jack We sat in the park til 8-PM",,,,,,,,,,,,record,,,,
1888diary24,1888diary,Peter O'Reilly's Diary of 1888,"O'Reilly, Peter",1888-05-07,,,"Fine warm bright day. Jack accompanied me to see the Dr who ordered me to recommence the baths tomorrow & to be carried home -- Went with Jack to the Pettie Port where he assisted to catch several hundred small fish After dinner, walked with Jack & sat in the Park where we were joined by Carry & Puss",,,,,,,,,,,,record,,,,
1888diary25,1888diary,Peter O'Reilly's Diary of 1888,"O'Reilly, Peter",1888-05-08,,,"Very warm day. Recommenced my baths -- ""Douche"" & was carried home. After lunch we all went by boat to ""Hautecombe"" vistied the Abbey, monks of the St. Bernard, the Abbey restored 1834 by Chas Felix King of Sardinia. Our dear Jack left us 8-45 on his return to school.",,,,,,,,,,,,record,,,,
1888diary26,1888diary,Peter O'Reilly's Diary of 1888,"O'Reilly, Peter",,1888-05-09: 1888-05-22,Accounts of the baths and some illnesses. Local travel,,,,,,,,,,,,,record,,,,
1888diary27,1888diary,Peter O'Reilly's Diary of 1888,"O'Reilly, Peter",1888-05-23,,,"Fine day. Douch 9-20 Accompanied by Mrs. Blakeley we went by Str from Lac Du Bourget through Canal de Savieres & down the Rhone to Pierrer Chatel, beautiful scenery the whole way. Pierre Chatel a wonderful fortress said to be impregnable - a great evening returned at 6 PM",,,,,,,,,,,,record,,,,
1888diary28,1888diary,Peter O'Reilly's Diary of 1888,"O'Reilly, Peter",1888-05-24,,,"Queen Victorias 69th B-day
A Lovely Day. Douche at 9-20
Revd John Adams & Col.
Woollcumbe returned from Geneva. 
Walked with Carry to the Park - heard the Banc.
After dinner went to the Casino Gardens, Band, Illumination Fire works &c on a grand sclae
Ball - remianed to see the dancing.
God save the Queen",,,,,,,,,,,,record,,,,
1888diary29,1888diary,Peter O'Reilly's Diary of 1888,"O'Reilly, Peter",1888-05-25,,Bought photographs PO-Diary1888.pdf,"A lovely morning. Douch 9-20 Walked with Carry, inspected the baths. Bought a few photographs. Saw Dr Blanc. Paid him $100 - Francs Capt & Mrs Yate left. Drove with Carry & Mrs Blakeley to St. Innocent to see the Angora Rabbits.",,,,,BC Archives; Vancouver Island Local History Society,,,,,,,record,,,,
1888diary30,1888diary,Peter O'Reilly's Diary of 1888,"O'Reilly, Peter",1888-05-26,,,"Very Warm day. Douche 920
19- Douches in all.
Busy packing left by 4-15 train. Coloz at 5 - OC very pleasent run along up the Rhone
Delightful country & scenery
Arrived at Geneva at 7-15PM
Put up at Hotel National",,,,,,,,,,,,record,,,,
1888diary31,1888diary,Peter O'Reilly's Diary of 1888,"O'Reilly, Peter",1888-05-27,,,"Lovely day. Church at 10-30 Sat in our room enjoying the view of the Lake, a lovely & beautiful scene. Went through the Cathedral (Calvanist) sat in Calvins chair beautiful view from Cathedral tower. Calvins house Quaint old town. Puss eyes very much better. Had a good view of Mt. Blanc.",,,,,,,,,,,,record,,,,
1888diary32,1888diary,Peter O'Reilly's Diary of 1888,"O'Reilly, Peter",1888-05-28,,,"Lovely day. Accompanied by Mr & Mrs Tod (scotch) we went by Str up the Lake of Geneva - stopped at Rolle, Evian, Lausane, Montreux, Vevay, went over the old castle & prison of Chillon. Sat the Cog railway or Terretet railway at Glion. Returned to Geneva by rail. Heavy thunder & rain storm.",,,,,,,,,,,,record,,,,
1888diary33,1888diary,Peter O'Reilly's Diary of 1888,"O'Reilly, Peter",1888-05-29,,,"A lovely day. Did Geneva. The musical Machine factory & the Watch Manufactory of Patek. Phillippe & co where over 4,200 men are employed. Left Geneva at 8-PM for Paris Via Culoz, & Macon, Dijon",,,,,,,,,,,,record,,,,
1888diary34,1888diary,Peter O'Reilly's Diary of 1888,"O'Reilly, Peter",1888-05-30,,,"Put up at Hotel de Lille
Rue St. Honore.
Went to the Panorama taking of the Batille 1789. - Lunched at Place Joan D'Arc. - Spent several hours at Bon Marche invested largely in gloves.",,,,,,,,,,,,record,,,,
1888diary35,1888diary,Peter O'Reilly's Diary of 1888,"O'Reilly, Peter",1886-06-02,,Returned to Folkestone,,,,,,,,,,,,,record,,,,
1888diary36,1888diary,Peter O'Reilly's Diary of 1888,"O'Reilly, Peter",1888-06-18,,,"... Paid B.B.C. (pound) 22//1//0 passage ""Etruria""...",RMS Etruria,,,,BC Archives; Vancouver Island Local History Society,,,,,,,record,,,,
1888diary37,1888diary,Peter O'Reilly's Diary of 1888,"O'Reilly, Peter",1888-06-23,,, ,RMS Etruria,,,,BC Archives; Vancouver Island Local History Society,,,,,,,record,,,,
1888diary38,1888diary,Peter O'Reilly's Diary of 1888,"O'Reilly, Peter",,,,"Le Blanc
Photographer
Valparaiso
Dr. Ellis of the Magellan - got some of the photos required in 1884 & Ewd McGwire in 1886",,,,,,,,,,,,record,,,,
1888diary39,1888diary,Peter O'Reilly's Diary of 1888,"O'Reilly, Peter",1888,,Frank goes to Buenos Ayres,,,,,,,,,,,,,record,,,,
1883diary,,Peter O'Reilly's Diary of 1883,,1883-08-21,,Bought Photos PO-Diary1883.pdf,,,,,,BC Archives; Vancouver Island Local History Society,,,,,,,record,,,,